ID,Title,Content,Excerpt,Date,"Post Type",Permalink,"Image URL","Image Title","Image Caption","Image Description","Image Alt Text","Image Featured","Attachment URL",Categories,Room,Store,"Affiliate Tags",Status,"Author ID","Author Username","Author Email","Author First Name","Author Last Name",Slug,Format,Template,Parent,"Parent Slug",Order,"Comment Status","Ping Status","Post Modified Date",Logo,Favicon,"Primary Color","Secondary Color","Tertiary Color","Facebook Url","Instagram Url","Pinterest Url","Mailchimp Url","Modal Kicker","Modal Title","Modal Description","Modal Embed Code","Filter ID",Kicker,"Display Title",Intro,Hero,"Filter ID","Page Sections","Etsy Link","Etsy Link Text","Etsy Link Description",Gallery,"Featured Affiliates","Affiliate Link","Affiliate Link Text","Affiliate Link Description","Website Link","Website Link Text","Featured Banner Image","Featured Work Image"
24,"Rust-Oleum Tub & Tile Paint","<ul>
 	<li><span class=""a-list-item"">Prepare and paint surface the same day with a tough, 2-part epoxy acrylic formula that withstands moisture and resists corrosion</span></li>
 	<li><span class=""a-list-item"">For best results, thoroughly mix parts A and B separately before mixing together for 2 minutes--once combined be sure to use within 6 hours of mixing</span></li>
 	<li><span class=""a-list-item"">Each kit covers up to 110 sq ft; two coats highly recommended; wait 1-2 hours to recoat allow to dry for 3 days before exposing to water</span></li>
 	<li><span class=""a-list-item"">Make sure to adequately ventilate the area by opening windows and turning on a fan to circulate air</span></li>
 	<li><span class=""a-list-item"">Properly prep surface and read all directions included in kit thoroughly before beginning project</span></li>
</ul>",,2020-01-28,affiliate,https://thehappyglamper.co/affiliate/rust-oleum-tub-tile-paint/,https://thehappyglamper.co/wp-content/uploads/sites/2/2020/01/10Z875_AS01.jpg,10Z875_AS01,,,,https://thehappyglamper.co/wp-content/uploads/sites/2/2020/01/10Z875_AS01.jpg,,"Camper>2005 Keystone Hornet",Bathroom,Amazon,Paint|Shower,publish,1,kcahill,kelscahill@gmail.com,Kelsey,Cahill,rust-oleum-tub-tile-paint,,,0,0,0,closed,closed,2021-01-19,,,,,,,,,,,,,,,,,,,,,,,,,,https://amzn.to/2O7ufFg,,,,,,
26,"Foldable Handwoven Storage Basket","<ul class=""a-unordered-list a-vertical a-spacing-none"">
 	<li><span class=""a-list-item"">Dimensions: 13.25"" x 13.25"" x 8"" H (each basket)</span></li>
 	<li><span class=""a-list-item"">2 pack of matching storage baskets</span></li>
 	<li><span class=""a-list-item"">Baskets fold flat for easy storage when not in use</span></li>
 	<li><span class=""a-list-item"">Tightly hand-woven water hyacinth over a sturdy steel frame</span></li>
 	<li><span class=""a-list-item"">Ideal for use in your bedroom, closet, bathroom, laundry room, kitchen or living room</span></li>
</ul>",,2020-01-13,affiliate,https://thehappyglamper.co/affiliate/foldable-handwoven-storage-basket/,https://thehappyglamper.co/wp-content/uploads/sites/2/2020/01/51LiwyClDIL.jpg,51LiwyClDIL,,,"Wooven Basket",https://thehappyglamper.co/wp-content/uploads/sites/2/2020/01/51LiwyClDIL.jpg,,"Camper>2005 Keystone Hornet",Any,Amazon,Storage,publish,1,kcahill,kelscahill@gmail.com,Kelsey,Cahill,foldable-handwoven-storage-basket,,,0,0,0,closed,closed,2020-04-25,,,,,,,,,,,,,,,,,,,,,,,,,,https://amzn.to/2tOETcB,,,,,,
28,"Fabric Shower Curtain Liner","<ul class=""a-unordered-list a-vertical a-spacing-none"">
 	<li><span class=""a-list-item"">Premium Polyester Fabric Shower Curtains</span></li>
 	<li><span class=""a-list-item"">Imported</span></li>
 	<li><span class=""a-list-item"">Stall Fabric Shower Liner: 120 Gsm and made of 100% premium heavyweight polyester fabric, odorless, PVC-free, no chlorine and durable</span></li>
 	<li><span class=""a-list-item"">Water Repellent and Machine Washable: The coating fabric ensures the water beads stay on the surface and quick to repel, and easier to dry.</span></li>
 	<li><span class=""a-list-item"">6 Reinforced Metal Grommets: Reinforced top header with 6 Rustproof Metal grommets prevent it from tearing and make it easy to pair with any hooks of your choice so you can add a colorful accent to your bathroom.</span></li>
 	<li><span class=""a-list-item"">No Chemical Smells: Don’t expose your family to harmful chemicals. Without the vinyl and PVC smell like normal plastic liners, this fabric shower liner is good and safe for your family health;</span></li>
 	<li><span class=""a-list-item"">Multi-Purpose: The package includes 1 shower liner measuring 36 x 72 inch. It works with both straight and curved shower rods. This versatile shower liner can be used as a standalone shower curtain or as a shower liner for a decorative shower curtain.</span></li>
</ul>",,2020-01-13,affiliate,https://thehappyglamper.co/affiliate/fabric-shower-curtain-liner/,https://thehappyglamper.co/wp-content/uploads/sites/2/2020/01/516O1Wz34kL._SX679_-e1578875484409.jpg,516O1Wz34kL._SX679_,,,"Shower Liner",https://thehappyglamper.co/wp-content/uploads/sites/2/2020/01/516O1Wz34kL._SX679_-e1578875484409.jpg,,"Camper>2005 Keystone Hornet|Camper>2007 Keystone Hornet",Bathroom,Amazon,"Shower|Shower Curtains",publish,1,kcahill,kelscahill@gmail.com,Kelsey,Cahill,fabric-shower-curtain-liner,,,0,0,0,closed,closed,2021-03-08,,,,,,,,,,,,,,,,,,,,,,,,,,https://amzn.to/2FFHsAm,,,,,,
30,"Kicker 6 1/2"" Speakers","<ul class=""a-unordered-list a-vertical a-spacing-none"">
 	<li><span class=""a-list-item"">Pair of Kicker 41KM604W 6.5"" 4-Ohm 2-Way Coaxial Marine Speakers</span></li>
 	<li><span class=""a-list-item"">Power Handling Per Speaker: 150 Watts Peak/50 Watts RMS</span></li>
 	<li><span class=""a-list-item"">Power Handling Per Pair: 300 Watts Peak/100 Watts RMS</span></li>
 	<li><span class=""a-list-item"">2-Way Design</span></li>
 	<li><span class=""a-list-item"">Santoprene surrounds</span></li>
</ul>",,2020-01-13,affiliate,https://thehappyglamper.co/affiliate/kicker-6-1-2-speakers/,https://thehappyglamper.co/wp-content/uploads/sites/2/2020/01/41DqxS-EP3L.jpg,41DqxS-EP3L,,,"Kicker 6.5"" Speaker",https://thehappyglamper.co/wp-content/uploads/sites/2/2020/01/41DqxS-EP3L.jpg,,"Camper>2005 Keystone Hornet|Camper>2007 Keystone Hornet",Any,Amazon,Stereos,publish,1,kcahill,kelscahill@gmail.com,Kelsey,Cahill,kicker-6-1-2-speakers,,,0,0,0,closed,closed,2021-03-08,,,,,,,,,,,,,,,,,,,,,,,,,,https://amzn.to/2QMdSPZ,,,,,,
32,"Shower Curtain with Tassels","<ul class=""a-unordered-list a-vertical a-spacing-none"">
 	<li><span class=""a-list-item"">100% Polyester</span></li>
 	<li><span class=""a-list-item"">KEEPS WATER INSIDE -- NEW resin coating technology keeps water slide off the stall shower curtain. No liner required.</span></li>
 	<li><span class=""a-list-item"">YOUR STYLE OUTSIDE -- This boho shower curtain with adorable white pom pom trim on the bottom. Pure white base color means that it will work with most color schemes.</span></li>
 	<li><span class=""a-list-item"">180 GSM FABRIC -- Durable but soft feeling fabric with 180 GSM means very heavy duty, which ensures a bathroom curtain last longer and will be more pricey.</span></li>
 	<li><span class=""a-list-item"">VISIBLE WEIGHTED HEM -- We added a visible weighted hem to this single shower curtain, keeps it from flying up like some lighter curtains do.</span></li>
 	<li><span class=""a-list-item"">EASY CARE &amp; CONVENIENT -- Machine Wash and dry. Built-in metal ring holes make installation easy (rings included).</span></li>
</ul>",,2020-01-13,affiliate,https://thehappyglamper.co/affiliate/shower-curtain-with-tassels/,https://thehappyglamper.co/wp-content/uploads/sites/2/2020/01/51awj60fNqL.jpg,51awj60fNqL,,,"Shower Curtain",https://thehappyglamper.co/wp-content/uploads/sites/2/2020/01/51awj60fNqL.jpg,,"Camper>2005 Keystone Hornet|Camper>2007 Keystone Hornet",Bathroom,Amazon,"Favorites|Shower|Shower Curtains",publish,1,kcahill,kelscahill@gmail.com,Kelsey,Cahill,shower-curtain-with-tassels,,,0,0,0,closed,closed,2021-03-08,,,,,,,,,,,,,,,,,,,,,,,,,,https://amzn.to/2FLtkpn,,,,,,
34,"DVD, Bluetooth, MP3 Stereo System","<ul class=""a-unordered-list a-vertical a-spacing-none"">
 	<li><span class=""a-list-item"">SUPERIOR PERFORMANCE: With a power output of 4 x 15W, a built-in DVD player, and a 4"" LCD, this next generation 2-Zone entertainment system is designed to deliver a personalized audiovisual experience</span></li>
 	<li><span class=""a-list-item"">EASY CONNECTIVITY &amp; MOBILE APP: Quickly connect with the Furrion Entertainment System using Bluetooth, NFC quick-touch, or through ""Furrion ES Control"" mobile app. The mobile app allows you to control multi-room play using the intuitive system controls</span></li>
 	<li><span class=""a-list-item"">SUPPORTED FORMATS &amp; CONNECTIONS: Plays CD/DVD Disc formats and supports MP3, WMA, MP4, and AVI media formats. Includes AM &amp; FM Radio functionality with 30 preset stations. Additionally supports USB Media input (with USB charging), AUX-In (with video support), Headphone Jack, and subwoofer connection</span></li>
 	<li><span class=""a-list-item"">DURABLE &amp; RELIABLE: Designed with Furrion's VibrationSmart, ClimateSmart &amp; SignalSmart Technology, this entertainment system is built to withstand constant vibrations &amp; extreme climates</span></li>
 	<li><span class=""a-list-item"">COMPACT &amp; STYLISH: This powerful RV stereo is as stylish as it is seamless. Clear white Illuminitaion on LCD seamlessly blends in with the overall design of the product</span></li>
</ul>",,2020-01-13,affiliate,https://thehappyglamper.co/affiliate/dvd-bluetooth-mp3-stereo-system/,https://thehappyglamper.co/wp-content/uploads/sites/2/2020/01/boss-stereo.jpg|https://thehappyglamper.co/wp-content/uploads/sites/2/2020/01/31w3ToIF1RL.jpg,boss-stereo|31w3ToIF1RL,|,|,"Boss Stereo|Furrion DVD, Bluetooth Stereo",https://thehappyglamper.co/wp-content/uploads/sites/2/2020/01/boss-stereo.jpg,,"Camper>2005 Keystone Hornet","Living Room",Amazon,Stereos,publish,1,kcahill,kelscahill@gmail.com,Kelsey,Cahill,dvd-bluetooth-mp3-stereo-system,,,0,0,0,closed,closed,2020-05-10,,,,,,,,,,,,,,,,,,,,,,,,,,https://amzn.to/2RPFdA5,,,,,,
36,"Matte Black Exposed Shower Faucet","<ul class=""a-unordered-list a-vertical a-spacing-none"">
 	<li><span class=""a-list-item"">ANTI SCALD VALVE: Advanced pressure balance ceramic disc cartridge with cUPC certification can effectively protect you from scalding injury caused by sudden changes in hot or cold water pressure, maintaining consistent water temperature.</span></li>
 	<li><span class=""a-list-item"">BRASS FAUCET BODY: Faucet body is made from STURDY BRASS (non-plastics), ensuring high quality and longevity.</span></li>
 	<li><span class=""a-list-item"">FLEXIBLE TWO-HOLE INSTALLATION: Your hole center distance can be 5.4-inch to 6.5-inch (135mm to 165mm). With our adjustable S-Union adaptor (1/2 NPT tapered threads), you can install this exposed shower system easily.</span></li>
 	<li><span class=""a-list-item"">ADJUSTABLE SLIDE BAR: Slide bar made of durable and rust-proof Stainless Steel can be adjusted freely up and down to satisfy every family member's need. Extra thick bar will not be bent or dent easily. Adjustable shower riser allows for an adjustable overall height of OVERHEAD SHOWERS.</span></li>
 	<li><span class=""a-list-item"">2-FUNCTION DIVERTER: Choose between 8"" RAINFALL overhead shower and fashionable hand shower with one switch. Our faucet body comes with built-in diverter. No need to pay money for extra parts! NOTICE: This shower system is NOT designed for outdoor use.</span></li>
</ul>",,2020-01-13,affiliate,https://thehappyglamper.co/affiliate/matte-black-exposed-shower-faucet/,https://thehappyglamper.co/wp-content/uploads/sites/2/2020/01/51RUAbNrpCL._SX679_.jpg,51RUAbNrpCL._SX679_,,,"Matte Black Exposed Shower Faucet",https://thehappyglamper.co/wp-content/uploads/sites/2/2020/01/51RUAbNrpCL._SX679_.jpg,,"Camper>2005 Keystone Hornet|Camper>2007 Keystone Hornet",Bathroom,Amazon,Faucets|Favorites|Shower,publish,1,kcahill,kelscahill@gmail.com,Kelsey,Cahill,matte-black-exposed-shower-faucet,,,0,0,0,closed,closed,2021-03-08,,,,,,,,,,,,,,,,,,,,,,,,,,https://amzn.to/2Ra8BRd,,,,,,
38,"Iron Mirror with Shelf","<ul class=""a-unordered-list a-vertical a-spacing-none"">
 	<li><span class=""a-list-item"">This handsome mirror offers function as well as style. A shelf on the bottom is ideal for small things such as keys or decorative items. The arced top is an antique-look element, while dark bronzed iron framing gives it modern and industrial style.</span></li>
 	<li><span class=""a-list-item"">Antique, modern and industrial elements allow it to blend anywhere</span></li>
 	<li><span class=""a-list-item"">Glass, iron with bronze finish</span></li>
 	<li><span class=""a-list-item"">20.25""W x 5.5""D x 30""H</span></li>
 	<li><span class=""a-list-item"">Avoid moisture. Wipes clean with soft, dry cloth. Hanging hardware not included.</span></li>
</ul>",,2020-01-05,affiliate,https://thehappyglamper.co/affiliate/iron-mirror-with-shelf/,https://thehappyglamper.co/wp-content/uploads/sites/2/2020/01/81bwvy6NFmL._SX679_.jpg,"Iron Mirror with Shelf",,,"Iron Mirror with Shelf",https://thehappyglamper.co/wp-content/uploads/sites/2/2020/01/81bwvy6NFmL._SX679_.jpg,,Camper,Bathroom,Amazon,Favorites|Mirrors,publish,1,kcahill,kelscahill@gmail.com,Kelsey,Cahill,iron-mirror-with-shelf,,,0,0,0,closed,closed,2020-04-24,,,,,,,,,,,,,,,,,,,,,,,,,,https://amzn.to/2trgPMT,,,,,,
40,"Matte Black Cabinet Door Hinges","<ul class=""a-unordered-list a-vertical a-spacing-none"">
 	<li><span class=""a-list-item"">Hinge Type: OVERLAY hinge, used for Face Frame Overlay Cabinet.</span></li>
 	<li><span class=""a-list-item"">Dimension: As Picture 6# shown</span></li>
 	<li><span class=""a-list-item"">QTY: 15 Pairs(for 15 doors)</span></li>
 	<li><span class=""a-list-item"">Circle Test: 350,000 times open &amp; close</span></li>
 	<li><span class=""a-list-item"">Thanks for choosing us.We have been producing this kind of hinges for more than 10 years</span></li>
</ul>",,2020-01-05,affiliate,https://thehappyglamper.co/affiliate/matte-black-cabinet-door-hinges/,https://thehappyglamper.co/wp-content/uploads/sites/2/2020/01/hinge.jpg,hinge,,,,https://thehappyglamper.co/wp-content/uploads/sites/2/2020/01/hinge.jpg,,"Camper>2005 Keystone Hornet|Camper>2007 Keystone Hornet",Kitchen,Amazon,"Cabinets|Matte Black",publish,1,kcahill,kelscahill@gmail.com,Kelsey,Cahill,matte-black-cabinet-door-hinges,,,0,0,0,closed,closed,2021-03-08,,,,,,,,,,,,,,,,,,,,,,,,,,https://amzn.to/2tsLrh4,,,,,,
42,"Magnetic Cabinet Latches","<ul class=""a-unordered-list a-vertical a-spacing-none"">
 	<li><span class=""a-list-item"">LONG-LASTING DURABILITY: 304 stainless steel housings, specifically designed to stand up to marine use, outdoor use or wet environments like kitchens and bathrooms.This magnetic shutter catch is more long-lasting than the plastic one</span></li>
 	<li><span class=""a-list-item"">POWERFUL MAGNETIC FORCE: Each mount houses a single magnet with strong force that holds the cabinet door, drawer, lid securely closed. Good for using on the door which the latch is useless.</span></li>
 	<li><span class=""a-list-item"">HIGH QUALITY SCREWS: Stainless steel mounting screws are included. You don't need worry about the screw will easily broken on installation process again.</span></li>
 	<li><span class=""a-list-item"">NARROW GAP: Strike plates are 3/62 inch (1.2mm) thick and can be recessed to reduce the gap between cabinet and door</span></li>
 	<li><span class=""a-list-item"">WHAT YOU GET:12 * Mganetic Cabinet Catch; Screws.</span></li>
</ul>",,2020-01-05,affiliate,https://thehappyglamper.co/affiliate/magnetic-cabinet-latches/,https://thehappyglamper.co/wp-content/uploads/sites/2/2020/01/61H7Y97EObL._SX679_.jpg,"12 Pack of magnetic cabinet latches",,,"12 Pack of magnetic cabinet latches",https://thehappyglamper.co/wp-content/uploads/sites/2/2020/01/61H7Y97EObL._SX679_.jpg,,"Camper>2005 Keystone Hornet|Camper>2007 Keystone Hornet",Bathroom|Kitchen,Amazon,Cabinets,publish,1,kcahill,kelscahill@gmail.com,Kelsey,Cahill,magnetic-cabinet-latches,,,0,0,0,closed,closed,2021-03-08,,,,,,,,,,,,,,,,,,,,,,,,,,https://amzn.to/2MSukfe,,,,,,
44,"Matte Black Vessel Sink Faucet","<ul class=""a-unordered-list a-vertical a-spacing-none"">
 	<li><span class=""a-list-item"">Material And Design: Faucet total height 12 inch spout height 7.9inch spout length 4.1inch,Premium stainlesess steel material construction, matte black finish to resist corrosion and anti-rust, matte black color.</span></li>
 	<li><span class=""a-list-item"">Function: Single lever control hold and cold water, easy adjust water temperature. Filtered bubbler on spout can filter dirt in water and prevent water splash out.</span></li>
 	<li><span class=""a-list-item"">Installation: Easy deck mount type with single hole installation. Centerset Single Handle faucet</span></li>
 	<li><span class=""a-list-item"">What’s Included: One Faucet Body, Install Hardware And Two 60 cm Hose.with two 1/2"" water supply lines</span></li>
 	<li><span class=""a-list-item"">Service: Re-issued if lost or damaged, if any problem can contact customer service.</span></li>
</ul>",,2020-01-05,affiliate,https://thehappyglamper.co/affiliate/matte-black-vessel-sink-faucet/,https://thehappyglamper.co/wp-content/uploads/sites/2/2020/01/61gmoK-AoIL._SX679_.jpg,"Matte Black Vessel Sink Faucet",,,"Matte Black Vessel Sink Faucet",https://thehappyglamper.co/wp-content/uploads/sites/2/2020/01/61gmoK-AoIL._SX679_.jpg,,"Camper>2005 Keystone Hornet|Camper>2007 Keystone Hornet",Bathroom,Amazon,"Faucets|Favorites|Matte Black",publish,1,kcahill,kelscahill@gmail.com,Kelsey,Cahill,matte-black-vessel-sink-faucet,,,0,0,0,closed,closed,2021-03-08,,,,,,,,,,,,,,,,,,,,,,,,,,https://amzn.to/2sLCgbe,,,,,,
46,"12"" Vessel Sink","<ul class=""a-unordered-list a-vertical a-spacing-none"">
 	<li><span class=""a-list-item"">Small size above-counter round bowl sink, compact enough to fit in the tightest of spaces, making full use of your space and enjoying easier life</span></li>
 	<li><span class=""a-list-item"">Simple and elegant egg shape design, add sleeker and more elegant element to your house decoration or remodeling</span></li>
 	<li><span class=""a-list-item"">Durable porcelain ceramic - crafted with high-grade ceramic for rust resistance and easy to clean</span></li>
 	<li><span class=""a-list-item"">Easy to install - above-counter design allows you to install your vessel sink without replacing the entire vanity, making your installation a breeze</span></li>
 	<li><span class=""a-list-item"">Compatible with wall-mounted and above counter faucets; Perfect for your bathroom, lavatory, washstand and more; Overall Dimension(Dia.xH): 12 3/8"" x 5 2/4"" (31.5 x 14 cm)</span></li>
</ul>",,2020-01-05,affiliate,https://thehappyglamper.co/affiliate/12-vessel-sink/,https://thehappyglamper.co/wp-content/uploads/sites/2/2020/01/51jIIX5nBXL._SX679_.jpg,"12"" Bathroom Vessel Sink",,,"12"" Bathroom Vessel Sink",https://thehappyglamper.co/wp-content/uploads/sites/2/2020/01/51jIIX5nBXL._SX679_.jpg,,"Camper>2005 Keystone Hornet|Camper>2007 Keystone Hornet",Bathroom,Amazon,Favorites|Sinks,publish,1,kcahill,kelscahill@gmail.com,Kelsey,Cahill,12-vessel-sink,,,0,0,0,closed,closed,2021-03-08,,,,,,,,,,,,,,,,,,,,,,,,,,https://amzn.to/2s0e196,,,,,,
48,"Hexagon Tic Tac Tiles","<ul class=""a-unordered-list a-vertical a-spacing-none"">
 	<li><span class=""a-list-item"">HIGH-QUALITY: Realistic tile effect with 3D texture (10 Sheets of 9.81""W x 9.81""H Made In Korea)</span></li>
 	<li><span class=""a-list-item"">QUICK &amp; EASY: Just peel and stick! No glue, no grout, no mess! Perfect for a DIY project</span></li>
 	<li><span class=""a-list-item"">STRONG DURABILITY: No discoloration, no peeling after installation. Resistant to heat, water, and humidity</span></li>
 	<li><span class=""a-list-item"">SAFE &amp; ECO-FRIENDLY: Anti-bacterial and anti-mold material that does not omit dioxins</span></li>
 	<li><span class=""a-list-item"">GUARANTEE: Your satisfaction is important to us. Email us at contactus@tictactiles.com for any questions or concerns.</span></li>
</ul>",,2019-12-30,affiliate,https://thehappyglamper.co/affiliate/hexagon-tic-tac-tiles/,https://thehappyglamper.co/wp-content/uploads/sites/2/2019/12/Screen-Shot-2019-12-30-at-11.23.21-AM.png,"Screen Shot 2019-12-30 at 11.23.21 AM",,,"Tic Tac Tiles Hexagon",https://thehappyglamper.co/wp-content/uploads/sites/2/2019/12/Screen-Shot-2019-12-30-at-11.23.21-AM.png,,"Camper>2005 Keystone Hornet",Bathroom|Kitchen,Amazon,Favorites|Tile,publish,1,kcahill,kelscahill@gmail.com,Kelsey,Cahill,hexagon-tic-tac-tiles,,,0,0,0,closed,closed,2020-04-25,,,,,,,,,,,,,,,,,,,,,,,,,,https://amzn.to/2QK8XOz,,,,,,
50,"Matte Black Kitchen Faucet","<ul class=""a-unordered-list a-vertical a-spacing-none"">
 	<li><span class=""a-list-item"">Hole cover plate can be purchased separately: <a href=""https://amzn.to/358bM10"">Paint Black &amp; Ceramic Disc Valve</a>: resist scratches and corrosion.</span></li>
 	<li><span class=""a-list-item"">High-arch Spout Design with 360-degree Rotation: offers more room for a variety of sink activities.</span></li>
 	<li><span class=""a-list-item"">Dual Function Pull-Out Sprayer: aerated stream &amp; powerful cleaning rinse.</span></li>
 	<li><span class=""a-list-item"">Spout reach 8"", spout height 3.9"", overall height 16"", 1.98 lb NW and 6.83 lb GW.</span></li>
 	<li><span class=""a-list-item"">Easy to install, 3/8"" H &amp; C water hoses includ, fits3/8"" water supply system.</span></li>
</ul>",,2019-12-30,affiliate,https://thehappyglamper.co/affiliate/matte-black-kitchen-faucet/,https://thehappyglamper.co/wp-content/uploads/sites/2/2019/12/51eE2xMds4L._SX679_.jpg,"Matte Black Kitchen Fauct",,,"Matte Black Kitchen Fauct",https://thehappyglamper.co/wp-content/uploads/sites/2/2019/12/51eE2xMds4L._SX679_.jpg,,"Camper>2005 Keystone Hornet",Kitchen,Amazon,Faucets|Favorites,publish,1,kcahill,kelscahill@gmail.com,Kelsey,Cahill,matte-black-kitchen-faucet,,,0,0,0,closed,closed,2020-04-25,,,,,,,,,,,,,,,,,,,,,,,,,,https://amzn.to/2F6FQiN,,,,,,
52,"Matte Black Drawer Pulls","<p id=""title"" class=""a-size-large a-spacing-none""><span id=""productTitle"" class=""a-size-large"">Goldenwarm Black Drawer Pulls Kitchen Hardware - 25 Pack LSJ12BK76 Square Bar Pulls 3 inch Hole Center Bathroom Cupboard Cabinet Handles for Furniture</span></p>

<ul class=""a-unordered-list a-vertical a-spacing-none"">
 	<li><span class=""a-list-item"">MEASUREMENT: Hole center:76mm (3 inch);Overall length:88mm(3-1/2 inch);Height:35mm(1-2/5 inch);Width:12mm(1/2 inch).</span></li>
 	<li><span class=""a-list-item"">MATERIAL: The cabinet handles made of high quality stainless steel;Black finished color;Hollow but very sturdy and durable;Hard to get rusty.</span></li>
 	<li><span class=""a-list-item"">WHY CHOOSE: Black would make your kitchen,bathroom,or cupboard looks more elegant and modern.Smooth surface will give you more comfortable feeling.No sharp edge will protect you when you use.Reasonable price will save your money.</span></li>
 	<li><span class=""a-list-item"">TWO LENGTHS OF SCREWS: Each handle matched 1 inch&amp;1.57 inch standard mounting screws to make the installation simple.If you need screws of other sizes,please feel free to contact us.</span></li>
 	<li><span class=""a-list-item"">PERFECT SERVICE: We will patiently answer you if you have any questions. If you are not satisfied with our item, please contact us and we would help you solve it better.Don't hesitate.Just buy it.</span></li>
</ul>",,2019-12-30,affiliate,https://thehappyglamper.co/affiliate/matte-black-drawer-pulls/,https://thehappyglamper.co/wp-content/uploads/sites/2/2019/12/41nptylWNAL._SX522_.jpg,"Black Kitchen Cabinet Drawer Pulls",,,"Black Kitchen Cabinet Drawer Pulls",https://thehappyglamper.co/wp-content/uploads/sites/2/2019/12/41nptylWNAL._SX522_.jpg,,"Camper>2005 Keystone Hornet|Camper>2007 Keystone Hornet",Bathroom|Kitchen,Amazon,"Cabinets|Drawer Pulls|Favorites|Matte Black",publish,1,kcahill,kelscahill@gmail.com,Kelsey,Cahill,matte-black-drawer-pulls,,,0,0,0,closed,closed,2021-03-08,,,,,,,,,,,,,,,,,,,,,,,,,,https://amzn.to/36cJfbY,,,,,,
153,"Free Grove Sustainable Starter Set","<!-- wp:paragraph -->
<p>Receive a Grove Sustainable Starter Set for FREE with your 1st purchase of $20+</p>
<!-- /wp:paragraph -->

<!-- wp:heading {""level"":4} -->
<h4>What's included:</h4>
<!-- /wp:heading -->

<!-- wp:list -->
<ul><li>Grove Recycled Plastic Trash Bags</li><li>Grove Glass Soap Dispenser</li><li>Grove Gel Hand Soap</li><li>Grove Walnut Scrubber Sponges</li><li>Grove Flour Sack Towel</li><li>Free Shipping &amp; VIP Trial</li></ul>
<!-- /wp:list -->",,2020-01-13,affiliate,https://thehappyglamper.co/affiliate/free-grove-sustainable-starter-set/,https://thehappyglamper.co/wp-content/uploads/sites/2/2020/03/grove-1.jpg,grove,,,"Free Grove Sustainable Starter Set",https://thehappyglamper.co/wp-content/uploads/sites/2/2020/03/grove-1.jpg,,Promotions,,"Grove Collaborative",Free,publish,1,kcahill,kelscahill@gmail.com,Kelsey,Cahill,free-grove-sustainable-starter-set,,,0,0,0,closed,closed,2020-04-24,,,,,,,,,,,,,,,,,,,,,,,,,,https://grove.pxf.io/c/2053654/757154/8442,"Get Free Items",,,,,
156,"Free Mrs.Meyer's Gift Set","<!-- wp:paragraph -->
<p>Start your Grove experience today and receive a FREE Home Bundle with your first purchase of $20+&nbsp;</p>
<!-- /wp:paragraph -->

<!-- wp:heading {""level"":4} -->
<h4>What's included:</h4>
<!-- /wp:heading -->

<!-- wp:list -->
<ul><li>Mrs. Meyer's Hand Soap</li><li>Mrs. Meyer's Dish Soap</li><li>Mrs. Meyer's Multi-Surface Spray</li><li>Grove Walnut Scrubber Sponges</li><li>Free Shipping &amp; VIP Trial</li></ul>
<!-- /wp:list -->",,2020-04-04,affiliate,https://thehappyglamper.co/affiliate/free-mrs-meyers-gift-set/,https://thehappyglamper.co/wp-content/uploads/sites/2/2020/03/meyer.jpg,meyer,,,"Free Mrs Meyer's Gift Set",https://thehappyglamper.co/wp-content/uploads/sites/2/2020/03/meyer.jpg,,Promotions,,"Grove Collaborative",Free,publish,1,kcahill,kelscahill@gmail.com,Kelsey,Cahill,free-mrs-meyers-gift-set,,,0,0,0,closed,closed,2021-01-19,,,,,,,,,,,,,,,,,,,,,,,,,,https://grove.pxf.io/c/2053654/615989/8442,"Get Free Items",,,,,
157,"Free Grove Laundry Set","<!-- wp:paragraph -->
<p>Shop the Grove Laundry line and Receive a Free Gift Set With Your First Order of $20+&nbsp;</p>
<!-- /wp:paragraph -->

<!-- wp:heading -->
<h2>What's included:</h2>
<!-- /wp:heading -->

<!-- wp:list -->
<ul><li>Grove Laundry Detergent</li><li>Grove Laundry Vessel</li><li>Grove Stain Remover</li><li>Free Shipping &amp; VIP Trial</li></ul>
<!-- /wp:list -->",,2020-02-28,affiliate,https://thehappyglamper.co/affiliate/free-grove-laundry-set/,https://thehappyglamper.co/wp-content/uploads/sites/2/2020/03/laundry.jpg,laundry,,,"Free Grove Laundry Set",https://thehappyglamper.co/wp-content/uploads/sites/2/2020/03/laundry.jpg,,Promotions,,"Grove Collaborative",Free,publish,1,kcahill,kelscahill@gmail.com,Kelsey,Cahill,free-grove-laundry-set,,,0,0,0,closed,closed,2020-04-24,,,,,,,,,,,,,,,,,,,,,,,,,,https://grove.pxf.io/c/2053654/584504/8442,"Get Free Items",,,,,
158,"Free Rooted Beauty Purifying Skincare Set","<!-- wp:paragraph -->
<p>Shop Grove Rooted Today! Receive a 5-piece Rooted &amp; Grove Collaborative gift set for FREE with your 1st purchase of $20+</p>
<!-- /wp:paragraph -->

<!-- wp:heading -->
<h2>What's included:</h2>
<!-- /wp:heading -->

<!-- wp:list -->
<ul><li>Rooted Beauty Purifying Facial Cleanser</li><li>Rooted Beauty Purifying Daily Moisturizer</li><li>Rooted Beauty Purifying Facial Towelettes</li><li>Grove Konjac Sponge</li><li>Grove Hydrating Bar Soap</li><li>Free Shipping &amp; VIP Trial</li></ul>
<!-- /wp:list -->",,2020-03-08,affiliate,https://thehappyglamper.co/affiliate/free-rooted-beauty-purifying-skincare-set/,https://thehappyglamper.co/wp-content/uploads/sites/2/2020/03/skincare.jpg,skincare,,,"Free Rooted Beauty Purifying Skincare Set",https://thehappyglamper.co/wp-content/uploads/sites/2/2020/03/skincare.jpg,,Promotions,,"Grove Collaborative",Free,publish,1,kcahill,kelscahill@gmail.com,Kelsey,Cahill,free-rooted-beauty-purifying-skincare-set,,,0,0,0,closed,closed,2020-04-24,,,,,,,,,,,,,,,,,,,,,,,,,,https://grove.pxf.io/c/2053654/564420/8442,"Get Free Items",,,,,
159,"Free Baby Gift Set","<!-- wp:paragraph -->
<p></p>
<!-- /wp:paragraph -->

<!-- wp:paragraph -->
<p>Start your Grove experience today and receive a FREE Baby Bundle with your first purchase of $20+&nbsp;</p>
<!-- /wp:paragraph -->

<!-- wp:heading -->
<h2>What's included:</h2>
<!-- /wp:heading -->

<!-- wp:list -->
<ul><li>Babyganics Bubble Bath</li><li>Burt's Bees Nourishing Baby Oil</li><li>Grove Co. Hydrating Bar Soap</li><li>WaterWipes Pure Water Wipes</li><li>Free Shipping &amp; VIP Trial</li></ul>
<!-- /wp:list -->",,2020-01-04,affiliate,https://thehappyglamper.co/affiliate/free-baby-gift-set/,https://thehappyglamper.co/wp-content/uploads/sites/2/2020/03/baby-bundle_01.jpg,baby-bundle_01,,,"Free Baby Gift Set",https://thehappyglamper.co/wp-content/uploads/sites/2/2020/03/baby-bundle_01.jpg,,Promotions,,"Grove Collaborative",Free,publish,1,kcahill,kelscahill@gmail.com,Kelsey,Cahill,free-baby-gift-set,,,0,0,0,closed,closed,2020-04-24,,,,,,,,,,,,,,,,,,,,,,,,,,https://grove.pxf.io/c/2053654/571237/8442,"Get Free Items",,,,,
175,"24"" Black Kitchen Sink","<!-- wp:list -->
<ul><li>KITCHEN SET INCLUDES: Sink, Basket Strainer, Kitchen Towel, Mounting hardware, cutout template – LIFETIME LIMITED and customer service that puts you first</li><li>UNDERMOUNT DESIGN creates a seamless transition from sink to countertop and makes it easy to wipe water and crumbs into the sink</li><li>NATURALLY HYGIENIC material enriched with silver ions that repel germs for a cleaner sink; LOW MAINTENANCE SURFACE is highly resistant to dirt and grime, and easily wipes clean</li><li>A QUIETER KITCHEN SINK: Thick stone-like material engineered to eliminate vibration and noise when sink is in use – NON-FADING COLOR with UV protection for a rich and consistent hue that will not dull over time</li><li>SINK DIMENSIONS: 24 in. L x 18 1/8 in. W x 8 1/4 in. D / MINIMUM CABINET SIZE required for installation: 27 inches</li></ul>
<!-- /wp:list -->

<!-- wp:paragraph -->
<p></p>
<!-- /wp:paragraph -->",,2020-03-08,affiliate,https://thehappyglamper.co/affiliate/24-black-kitchen-sink/,https://thehappyglamper.co/wp-content/uploads/sites/2/2020/03/71F5kxEkwOL._SX679_.jpg,,,,"Krauss Kitchen Sink",https://thehappyglamper.co/wp-content/uploads/sites/2/2020/03/71F5kxEkwOL._SX679_.jpg,,"Camper>2005 Keystone Hornet|Camper>2007 Keystone Hornet",Kitchen,Amazon,"Favorites|Matte Black|Sinks",publish,1,kcahill,kelscahill@gmail.com,Kelsey,Cahill,24-black-kitchen-sink,,,0,0,0,closed,closed,2021-03-08,,,,,,,,,,,,,,,,,,,,,,,,,,https://amzn.to/2PJETCH,"Buy Now",,,,,
177,"18"" Black Round Mirror","<!-- wp:list -->
<ul><li>Round wall mirror brings simple elegance to your plain walls</li><li>Great for use in your hallway, entryway or dressing room</li><li>Clean black frame blends in with any decor</li><li>Wall-mount mirror is easy to hang</li></ul>
<!-- /wp:list -->",,2020-03-08,affiliate,https://thehappyglamper.co/affiliate/18-black-round-mirror/,https://thehappyglamper.co/wp-content/uploads/sites/2/2020/03/Screen-Shot-2020-03-07-at-8.43.58-PM.png,,,,"18"" Black Round Mirror",https://thehappyglamper.co/wp-content/uploads/sites/2/2020/03/Screen-Shot-2020-03-07-at-8.43.58-PM.png,,"Camper>2005 Keystone Hornet",Bathroom,Target,Mirrors,publish,1,kcahill,kelscahill@gmail.com,Kelsey,Cahill,18-black-round-mirror,,,0,0,0,closed,closed,2020-04-25,,,,,,,,,,,,,,,,,,,,,,,,,,https://goto.target.com/yMZvv,,,,,,
179,"Faux Aloe Plant","<!-- wp:list -->
<ul><li>Faux aloe plant brings a touch of natural color to your interior</li><li>Comes in a round, white pot for sleek contrast and modern style</li><li>Perfect for standalone display or with other greenery</li><li>Easy to use in a variety of living spaces for versatile decor</li></ul>
<!-- /wp:list -->

<!-- wp:paragraph -->
<p><strong>Dimensions (Overall):</strong>&nbsp;12.5 inches (H) x 5 inches (W) x 5 inches (D)</p>
<!-- /wp:paragraph -->",,2020-03-08,affiliate,https://thehappyglamper.co/affiliate/faux-aloe-plant/,https://thehappyglamper.co/wp-content/uploads/sites/2/2020/03/Screen-Shot-2020-03-07-at-8.42.58-PM.png,,,,"Faux Aloe Plant",https://thehappyglamper.co/wp-content/uploads/sites/2/2020/03/Screen-Shot-2020-03-07-at-8.42.58-PM.png,,"Camper>2005 Keystone Hornet",Any,Target,"Decor|Faux Plants|Favorites",publish,1,kcahill,kelscahill@gmail.com,Kelsey,Cahill,faux-aloe-plant,,,0,0,0,closed,closed,2020-04-25,,,,,,,,,,,,,,,,,,,,,,,,,,https://goto.target.com/L601L,,,,,,
182,"Gray Woven Lumbar Throw Pillow","<!-- wp:paragraph -->
<p>Combine comfort and compelling style with this Woven Throw Pillow with Exposed Zipper from Project 62™. This gray throw pillow showcases a woven design, offering a textured aesthetic that enhances the look of your existing decor. The filled design provides plenty of cushioned comfort for relaxing, reading or watching a movie, and the simple rectangular shape makes it easy to use in a variety of rooms. The exposed zipper instantly adds a touch of modern flair, making this throw pillow a functional and stylish accent you'll love using to elevate your decor.</p>
<!-- /wp:paragraph -->

<!-- wp:paragraph -->
<p>1962 was a big year. Modernist design hit its peak and moved into homes across the country. And in Minnesota, Target was born — with the revolutionary idea to celebrate design for all. Project 62 embodies this legacy with a collection of modern pieces made for everyday living.If the item details above aren’t accurate or complete, we want to know about it.</p>
<!-- /wp:paragraph -->

<!-- wp:paragraph -->
<p><strong>Dimensions (Overall):</strong>&nbsp;14 inches (L) x 20 inches (W) x 5.5 inches thick</p>
<!-- /wp:paragraph -->",,2020-03-08,affiliate,https://thehappyglamper.co/affiliate/gray-woven-lumbar-throw-pillow/,https://thehappyglamper.co/wp-content/uploads/sites/2/2020/03/Screen-Shot-2020-03-07-at-8.51.22-PM.jpg,,,,"Wooven Gray Throw Pillow",https://thehappyglamper.co/wp-content/uploads/sites/2/2020/03/Screen-Shot-2020-03-07-at-8.51.22-PM.jpg,,"Camper>2005 Keystone Hornet","Bedroom|Living Room",Target,"Bedding|Throw Pillows",publish,1,kcahill,kelscahill@gmail.com,Kelsey,Cahill,gray-woven-lumbar-throw-pillow,,,0,0,0,closed,closed,2021-01-19,,,,,,,,,,,,,,,,,,,,,,,,,,https://goto.target.com/qMWvj,,,,,,
184,"White Quilt with Shams","<!-- wp:list -->
<ul><li>Outer Shell 100% Microfiber Polyester. Filling 70% Cotton 30% Polyester.</li><li>TOP QUALITY 3-PIECE LUXURY QUILT SET: includes 1 quilt and 2 bonus shams. Bedspread set features a stitched block design in solid colors.</li><li>SOFT, WARM &amp; COMFORTABLE all season quilt set. Lightweight for year round use, great for layering. High-quality 220 GSM 70 % cotton/ 30% poly fill and 100 GSM polyester cover.</li><li>EASY CARE &amp; EASY WASH: Machine washable warm, tumble dry low, warm iron if needed. Durable, high-quality material designed to last.</li><li>TRADITIONAL MODERN BASKET WEAVE. Tight stitching and seams for durability, perfect for family with pets or kids. Will hold up through washing and won’t unravel.</li><li>100% SATISFACTION GUARANTEED: Customer satisfaction is of utmost importance to us. We're confident you'll love our products, but if you're not 100% SATISFIED, our customer service team will work with you to make it right!</li></ul>
<!-- /wp:list -->",,2020-03-08,affiliate,https://thehappyglamper.co/affiliate/white-quilt-with-shams/,https://thehappyglamper.co/wp-content/uploads/sites/2/2020/03/81dm2pjAeQL._SX679_.jpg|https://thehappyglamper.co/wp-content/uploads/sites/2/2020/03/91p16zV7uyL._SX679_.jpg|https://thehappyglamper.co/wp-content/uploads/sites/2/2020/03/51qioMyvGCL._SX679_.jpg,||,||,||,"White Quilt Set|Hat Rack|Matte Black Toilet Paper Holder",https://thehappyglamper.co/wp-content/uploads/sites/2/2020/03/81dm2pjAeQL._SX679_.jpg,,"Camper>2005 Keystone Hornet",Bedroom,Amazon,Bedding,publish,1,kcahill,kelscahill@gmail.com,Kelsey,Cahill,white-quilt-with-shams,,,0,0,0,closed,closed,2020-04-25,,,,,,,,,,,,,,,,,,,,,,,,,,https://amzn.to/32Xh146,,,,,,
185,"Accordion Coat Rack","<!-- wp:list -->
<ul><li>ADJUSTABLE COAT &amp; HAT RACKS: Elegant yet functional wall mounted adjustable wooden coat rack with natural stained finish.</li><li>VINTAGE CHARM: Classic accordion design featuring 10 dark brown pegs for hanging coats, purses, towels, jewelry and much more.</li><li>VERSATILE STORAGE: Multipurpose racks can be used for garments, hats, bags, scarves, power cords, mugs, dog leashes, and more</li><li>EXPANDABLE &amp; COLLAPSIBLE: Rack can be adjusted to accommodate different items and spaces; rack can be collapsed for compact storage when not in use</li><li>**USPTO Patent Pending** SPECS: 6.75 H X 17.75 W X 3.25 D (in inches)</li></ul>
<!-- /wp:list -->",,2020-03-08,affiliate,https://thehappyglamper.co/affiliate/accordion-coat-rack/,https://thehappyglamper.co/wp-content/uploads/sites/2/2020/03/91p16zV7uyL._SX679_.jpg,,,,"Hat Rack",https://thehappyglamper.co/wp-content/uploads/sites/2/2020/03/91p16zV7uyL._SX679_.jpg,,"Camper>2005 Keystone Hornet|Camper>2007 Keystone Hornet",Bathroom,Amazon,"Coat/Towel Racks|Favorites",publish,1,kcahill,kelscahill@gmail.com,Kelsey,Cahill,accordion-coat-rack,,,0,0,0,closed,closed,2021-03-08,,,,,,,,,,,,,,,,,,,,,,,,,,https://amzn.to/2wDhJr0,,,,,,
186,"Toilet Paper Holder","<!-- wp:list -->
<ul><li>RUSTPROOF: The paper holder (bracket and screws included) is constructed from high quality SUS 304 Stainless Steel to protect against corrosion &amp; rust. Ideal for humid environments such as bathroom and kitchen.</li><li>ROTATE PROOF: Our toilet paper holder has unique slot design with screw tightening on the bracket to prevent from rotation. NO wobbling nor dropping off! Just enjoy this sturdy and heavy duty design.</li><li>FITS BIG ROLL: Max. length of paper roll is 5-inch. Large stainless steel knob at the bar end prevents toilet paper roll from falling off.</li><li>EASY INSTALLATION: ONE piece, NO assembly required. Package comes with mounting screws, anchors and bracket. Use included fixing screws to mount holder securely.</li><li>MATTE BLACK FINISH: Perfectly smooth, high quality matt black finish, build to resist daily scratches, corrosions, and tarnishing.</li></ul>
<!-- /wp:list -->",,2020-03-08,affiliate,https://thehappyglamper.co/affiliate/toilet-paper-holder/,https://thehappyglamper.co/wp-content/uploads/sites/2/2020/03/51qioMyvGCL._SX679_.jpg,,,,"Matte Black Toilet Paper Holder",https://thehappyglamper.co/wp-content/uploads/sites/2/2020/03/51qioMyvGCL._SX679_.jpg,,"Camper>2005 Keystone Hornet|Camper>2007 Keystone Hornet",Bathroom,Amazon,"Favorites|Matte Black",publish,1,kcahill,kelscahill@gmail.com,Kelsey,Cahill,toilet-paper-holder,,,0,0,0,closed,closed,2021-03-08,,,,,,,,,,,,,,,,,,,,,,,,,,https://amzn.to/38AurEa,,,,,,
191,"Geometric Aged Copper Deer Mount",,,2020-03-09,affiliate,https://thehappyglamper.co/affiliate/geometric-aged-copper-deer-mount/,https://thehappyglamper.co/wp-content/uploads/sites/2/2020/03/61eANijPg6L._SX522_.jpg,,,,"Geometric Aged Copper Deer Mount",https://thehappyglamper.co/wp-content/uploads/sites/2/2020/03/61eANijPg6L._SX522_.jpg,,"Camper>2005 Keystone Hornet",Any,Amazon,Copper|Decor|Favorites,publish,1,kcahill,kelscahill@gmail.com,Kelsey,Cahill,geometric-aged-copper-deer-mount,,,0,0,0,closed,closed,2020-04-25,,,,,,,,,,,,,,,,,,,,,,,,,,https://amzn.to/3cHIGKB,,,,,,
194,"Concrete Copper Geometric Plant Hanger",,,2020-03-09,affiliate,https://thehappyglamper.co/affiliate/concrete-copper-geometric-plant-hanger/,https://thehappyglamper.co/wp-content/uploads/sites/2/2020/03/71vTUCUILIL._SY355_.jpg,,,,"Concrete Copper Plant Hangers",https://thehappyglamper.co/wp-content/uploads/sites/2/2020/03/71vTUCUILIL._SY355_.jpg,,"Camper>2005 Keystone Hornet",Any,Amazon,"Copper|Decor|Faux Plants",publish,1,kcahill,kelscahill@gmail.com,Kelsey,Cahill,concrete-copper-geometric-plant-hanger,,,0,0,0,closed,closed,2020-04-25,,,,,,,,,,,,,,,,,,,,,,,,,,https://amzn.to/2xi8IE4,,,,,,
198,"FREE Mrs.Meyers & Grove Caddy Set",,,2020-03-11,affiliate,https://thehappyglamper.co/affiliate/free-mrs-meyers-grove-caddy-set/,https://thehappyglamper.co/wp-content/uploads/sites/2/2020/03/free.jpg,free,,,,https://thehappyglamper.co/wp-content/uploads/sites/2/2020/03/free.jpg,,Promotions,,"Grove Collaborative",Free,publish,1,kcahill,kelscahill@gmail.com,Kelsey,Cahill,free-mrs-meyers-grove-caddy-set,,,0,0,0,closed,closed,2021-01-19,,,,,,,,,,,,,,,,,,,,,,,,,,https://www.grove.co/referrer/104042075/,,,,,,
200,"Black Metal Futon Frame",,,2020-03-16,affiliate,https://thehappyglamper.co/affiliate/black-metal-futon-frame/,https://thehappyglamper.co/wp-content/uploads/sites/2/2020/03/81nerMo5yVL._SX522_.jpg,"Black Metal Futon Frame Modern",,,"Black Metal Futon Frame Modern",https://thehappyglamper.co/wp-content/uploads/sites/2/2020/03/81nerMo5yVL._SX522_.jpg,,"Camper>2005 Keystone Hornet","Bedroom|Living Room",Amazon,"Futons|Matte Black",publish,1,kcahill,kelscahill@gmail.com,Kelsey,Cahill,black-metal-futon-frame,,,0,0,0,closed,closed,2020-09-09,,,,,,,,,,,,,,,,,,,,,,,,,,https://amzn.to/2RceE8i,,,,,,
202,"8"" Leather Futon Mattress",,,2020-03-16,affiliate,https://thehappyglamper.co/affiliate/8-leather-futon-mattress/,https://thehappyglamper.co/wp-content/uploads/sites/2/2020/03/mattress.jpg,mattress,,,,https://thehappyglamper.co/wp-content/uploads/sites/2/2020/03/mattress.jpg,,"Camper>2005 Keystone Hornet","Bedroom|Living Room",Wayfair,Futons|Mattress,publish,1,kcahill,kelscahill@gmail.com,Kelsey,Cahill,8-leather-futon-mattress,,,0,0,0,closed,closed,2021-04-26,,,,,,,,,,,,,,,,,,,,,,,,,,https://www.anrdoezrs.net/click-100181649-14359494?url=https%3A%2F%2Fwww.wayfair.com%2FWhite-Noise--Cervantes-8-Coil-Full-Size-Futon-Mattress-X113096458-L50-K%7EW002985347.html%3F%26PiID%255B%255D%3D1049968340&cjsku=W002985347_1049968340,,,,,,
766,"Matte Black Towel Racks",,,2020-03-26,affiliate,https://thehappyglamper.co/affiliate/matte-black-towel-racks/,https://thehappyglamper.co/wp-content/uploads/sites/2/2020/03/black-towel-wine-rack.jpg,black-towel-wine-rack,,,"RV Towel Racks",https://thehappyglamper.co/wp-content/uploads/sites/2/2020/03/black-towel-wine-rack.jpg,,"Camper>2005 Keystone Hornet",Bathroom,Amazon,"Coat/Towel Racks|Matte Black",publish,1,kcahill,kelscahill@gmail.com,Kelsey,Cahill,matte-black-towel-racks,,,0,0,0,closed,closed,2020-04-25,,,,,,,,,,,,,,,,,,,,,,,,,,https://amzn.to/3dyWRSI,,,,,,
770,"Copper French Press",,,2020-03-26,affiliate,https://thehappyglamper.co/affiliate/copper-french-press/,https://thehappyglamper.co/wp-content/uploads/sites/2/2020/03/copper-french-press.jpg,copper-french-press,,,"Copper French Press",https://thehappyglamper.co/wp-content/uploads/sites/2/2020/03/copper-french-press.jpg,,"Camper>2005 Keystone Hornet","Dining Room|Kitchen",Amazon,Copper|Favorites,publish,1,kcahill,kelscahill@gmail.com,Kelsey,Cahill,copper-french-press,,,0,0,0,closed,closed,2020-04-25,,,,,,,,,,,,,,,,,,,,,,,,,,https://amzn.to/2WNuQ4a,,,,,,
771,"Hexagon Wall Planter/Storage",,,2020-03-26,affiliate,https://thehappyglamper.co/affiliate/hexagon-wall-planter-storage/,https://thehappyglamper.co/wp-content/uploads/sites/2/2020/03/hexagon-planter.jpg|https://thehappyglamper.co/wp-content/uploads/sites/2/2020/03/black-towel-wine-rack.jpg|https://thehappyglamper.co/wp-content/uploads/sites/2/2020/03/copper-french-press.jpg,hexagon-planter|black-towel-wine-rack|copper-french-press,||,||,"Hexagon Planter|RV Towel Racks|Copper French Press",https://thehappyglamper.co/wp-content/uploads/sites/2/2020/03/hexagon-planter.jpg,,"Camper>2005 Keystone Hornet",Any,Amazon,"Decor|Favorites|Matte Black|Storage",publish,1,kcahill,kelscahill@gmail.com,Kelsey,Cahill,hexagon-wall-planter-storage,,,0,0,0,closed,closed,2020-04-25,,,,,,,,,,,,,,,,,,,,,,,,,,https://amzn.to/3bzw0Ex,,,,,,
776,"Don't Worry Bee Happy T-Shirt | Black Text",,,2020-03-30,affiliate,https://thehappyglamper.co/affiliate/dont-worry-bee-happy-t-shirt-black-text/,https://thehappyglamper.co/wp-content/uploads/sites/2/2020/03/mockup-04.jpg,mockup-04,,,,https://thehappyglamper.co/wp-content/uploads/sites/2/2020/03/mockup-04.jpg,,Apparel,,Teespring,T-Shirts,publish,1,kcahill,kelscahill@gmail.com,Kelsey,Cahill,dont-worry-bee-happy-t-shirt-black-text,,,0,0,0,closed,closed,2020-04-25,,,,,,,,,,,,,,,,,,,,,,,,,,https://teespring.com/don-t-worry-bee-happy-black,,,,,,
779,"Don't Worry Bee Happy T-Shirt | White Text",,,2020-03-30,affiliate,https://thehappyglamper.co/affiliate/dont-worry-bee-happy-t-shirt-white-text/,https://thehappyglamper.co/wp-content/uploads/sites/2/2020/03/mockup-02.jpg|https://thehappyglamper.co/wp-content/uploads/sites/2/2020/03/mockup-01.jpg|https://thehappyglamper.co/wp-content/uploads/sites/2/2020/03/mockup-03.jpg,mockup-02|mockup-01|mockup-03,||,||,||,https://thehappyglamper.co/wp-content/uploads/sites/2/2020/03/mockup-02.jpg,,Apparel,,Teespring,T-Shirts,publish,1,kcahill,kelscahill@gmail.com,Kelsey,Cahill,dont-worry-bee-happy-t-shirt-white-text,,,0,0,0,closed,closed,2020-04-25,,,,,,,,,,,,,,,,,,,,,,,,,,https://teespring.com/don-t-worry-bee-happy-white,,,,,,
783,"Social Distance Expert T-Shirt | White Text",,,2020-03-30,affiliate,https://thehappyglamper.co/affiliate/social-distance-expert-t-shirt-white-text/,https://thehappyglamper.co/wp-content/uploads/sites/2/2020/03/mockup-01.jpg,mockup-01,,,,https://thehappyglamper.co/wp-content/uploads/sites/2/2020/03/mockup-01.jpg,,Apparel,,Teespring,T-Shirts,publish,1,kcahill,kelscahill@gmail.com,Kelsey,Cahill,social-distance-expert-t-shirt-white-text,,,0,0,0,closed,closed,2020-04-25,,,,,,,,,,,,,,,,,,,,,,,,,,https://teespring.com/social-distance-expert-white,,,,,,
784,"Social Distance Expert T-Shirt | Black Text",,,2020-03-30,affiliate,https://thehappyglamper.co/affiliate/social-distance-expert-t-shirt-black-text/,https://thehappyglamper.co/wp-content/uploads/sites/2/2020/03/mockup-05-1.jpg|https://thehappyglamper.co/wp-content/uploads/sites/2/2020/03/mockup-05.jpg,mockup-05|mockup-05,|,|,|,https://thehappyglamper.co/wp-content/uploads/sites/2/2020/03/mockup-05-1.jpg,,Apparel,,Teespring,T-Shirts,publish,1,kcahill,kelscahill@gmail.com,Kelsey,Cahill,social-distance-expert-t-shirt-black-text,,,0,0,0,closed,closed,2020-04-25,,,,,,,,,,,,,,,,,,,,,,,,,,https://teespring.com/social-distance-expert-black,,,,,,
786,"Social Distance Expert T-Shirt | White Text",,,2020-03-30,affiliate,https://thehappyglamper.co/affiliate/social-distance-expert-t-shirt-white-text-2/,https://thehappyglamper.co/wp-content/uploads/sites/2/2020/03/mockup-06.jpg,mockup-06,,,,https://thehappyglamper.co/wp-content/uploads/sites/2/2020/03/mockup-06.jpg,,Apparel,,Teespring,T-Shirts,publish,1,kcahill,kelscahill@gmail.com,Kelsey,Cahill,social-distance-expert-t-shirt-white-text-2,,,0,0,0,closed,closed,2020-04-25,,,,,,,,,,,,,,,,,,,,,,,,,,https://teespring.com/social-distance-expert-white,,,,,,
787,"Social Distance Expert T-Shirt | Black Text",,,2020-03-30,affiliate,https://thehappyglamper.co/affiliate/social-distance-expert-t-shirt-black-text-2/,https://thehappyglamper.co/wp-content/uploads/sites/2/2020/03/mockup-03.jpg|https://thehappyglamper.co/wp-content/uploads/sites/2/2020/03/mockup-05-1.jpg,mockup-03|mockup-05,|,|,|,https://thehappyglamper.co/wp-content/uploads/sites/2/2020/03/mockup-03.jpg,,Apparel,,Teespring,T-Shirts,publish,1,kcahill,kelscahill@gmail.com,Kelsey,Cahill,social-distance-expert-t-shirt-black-text-2,,,0,0,0,closed,closed,2020-04-25,,,,,,,,,,,,,,,,,,,,,,,,,,https://teespring.com/social-distance-expert-black,,,,,,
794,"Ironworkers Union Building America",,,2020-02-22,affiliate,https://thehappyglamper.co/affiliate/ironworkers-union-building-america/,https://thehappyglamper.co/wp-content/uploads/sites/2/2020/03/560-1.jpg,560-1,,,,https://thehappyglamper.co/wp-content/uploads/sites/2/2020/03/560-1.jpg,,Apparel,,Teespring,T-Shirts,publish,1,kcahill,kelscahill@gmail.com,Kelsey,Cahill,ironworkers-union-building-america,,,0,0,0,closed,closed,2020-04-24,,,,,,,,,,,,,,,,,,,,,,,,,,https://teespring.com/ironworkers-since-1896#pid=2&cid=581&sid=back,,,,,,
825,"Triangle Towel Holder",,,2020-04-20,affiliate,https://thehappyglamper.co/affiliate/triangle-towel-holder/,https://thehappyglamper.co/wp-content/uploads/sites/2/2020/04/towel-hanger.jpg|https://thehappyglamper.co/wp-content/uploads/sites/2/2020/04/918AAKVttSL._AC_SX679_.jpg,towel-hanger|918AAKVttSL._AC_SX679_,|,|,"Triangle Towel Holder|Faux Succulents",https://thehappyglamper.co/wp-content/uploads/sites/2/2020/04/towel-hanger.jpg,,"Camper>2005 Keystone Hornet",Bathroom,Amazon,"Coat/Towel Racks|Matte Black",publish,1,kcahill,kelscahill@gmail.com,Kelsey,Cahill,triangle-towel-holder,,,0,0,0,closed,closed,2020-04-25,,,,,,,,,,,,,,,,,,,,,,,,,,https://amzn.to/2xIUtss,,,,,,
826,"Faux Succulents",,,2020-04-20,affiliate,https://thehappyglamper.co/affiliate/faux-succulents/,https://thehappyglamper.co/wp-content/uploads/sites/2/2020/04/918AAKVttSL._AC_SX679_.jpg,918AAKVttSL._AC_SX679_,,,"Faux Succulents",https://thehappyglamper.co/wp-content/uploads/sites/2/2020/04/918AAKVttSL._AC_SX679_.jpg,,"Camper>2005 Keystone Hornet",Any,Amazon,"Decor|Faux Plants",publish,1,kcahill,kelscahill@gmail.com,Kelsey,Cahill,faux-succulents,,,0,0,0,closed,closed,2020-04-25,,,,,,,,,,,,,,,,,,,,,,,,,,https://amzn.to/34VzIGb,,,,,,
948,"Red Stag Poster",,,2020-05-14,affiliate,https://thehappyglamper.co/affiliate/red-stag-poster/,https://thehappyglamper.co/wp-content/uploads/sites/2/2020/05/poster-store-stag.jpg,poster-store-stag,,,"Deer Poster",https://thehappyglamper.co/wp-content/uploads/sites/2/2020/05/poster-store-stag.jpg,,"Camper>2005 Keystone Hornet",Any,"Poster Store","Poster|Wall Art",publish,1,kcahill,kelscahill@gmail.com,Kelsey,Cahill,red-stag-poster,,,0,0,0,closed,closed,2020-05-14,,,,,,,,,,,,,,,,,,,,,,,,,,https://posterstore.com/posters-prints/animal/red-stag-poster/,,,,,,
952,"Succulent Poster",,,2020-05-14,affiliate,https://thehappyglamper.co/affiliate/succulent-poster/,https://thehappyglamper.co/wp-content/uploads/sites/2/2020/05/poster-store-succulent.jpg,poster-store-succulent,,,"Succulent Poster",https://thehappyglamper.co/wp-content/uploads/sites/2/2020/05/poster-store-succulent.jpg,,"Camper>2005 Keystone Hornet",Any,"Poster Store","Poster|Wall Art",publish,1,kcahill,kelscahill@gmail.com,Kelsey,Cahill,succulent-poster,,,0,0,0,closed,closed,2020-05-14,,,,,,,,,,,,,,,,,,,,,,,,,,https://posterstore.com/posters-prints/nature-botanical/flower-cactus-poster/,,,,,,
953,"Poster Frame",,,2020-05-14,affiliate,https://thehappyglamper.co/affiliate/poster-frame/,https://thehappyglamper.co/wp-content/uploads/sites/2/2020/05/poster-store-white-frame.png,poster-store-white-frame,,,"Blank Poster Frame",https://thehappyglamper.co/wp-content/uploads/sites/2/2020/05/poster-store-white-frame.png,,"Camper>2005 Keystone Hornet",Any,"Poster Store","Poster|Wall Art",publish,1,kcahill,kelscahill@gmail.com,Kelsey,Cahill,poster-frame,,,0,0,0,closed,closed,2020-05-14,,,,,,,,,,,,,,,,,,,,,,,,,,https://posterstore.com/picture-frames/white-wood-frames/white-wood-frame-20x28-in/,,,,,,
954,"Beddy's Love at First White Set",,,2020-07-20,affiliate,https://thehappyglamper.co/affiliate/beddys-white-set/,https://thehappyglamper.co/wp-content/uploads/sites/2/2020/05/beddys-white.jpg,beddys-white,,,"Simply White Beddy's for RV",https://thehappyglamper.co/wp-content/uploads/sites/2/2020/05/beddys-white.jpg,,"Camper>2005 Keystone Hornet|Camper>2007 Keystone Hornet|Promotions",Bedroom,Beddy&#039;s,"Bedding|Discount Code",publish,1,kcahill,kelscahill@gmail.com,Kelsey,Cahill,beddys-white-set,,,0,0,0,closed,closed,2021-05-05,,,,,,,,,,,,,,,,,,,,,,,,,,https://www.beddys.com/discount/HAPPYGLAMPER?redirect=%2F%3Fafmc%3DHAPPYGLAMPER%26utm_campaign%3DHAPPYGLAMPER%26utm_source%3Dleaddyno%26utm_medium%3Daffiliate,,"Use code HAPPYGLAMPER for 20% off",,,,
956,"Beddy's Natural Set",,,2020-07-20,affiliate,https://thehappyglamper.co/affiliate/beddys-natural-set/,https://thehappyglamper.co/wp-content/uploads/sites/2/2020/05/beddys-boho.jpg,beddys-boho,,,"Boho Beddy's for RV",https://thehappyglamper.co/wp-content/uploads/sites/2/2020/05/beddys-boho.jpg,,"Camper>2005 Keystone Hornet|Promotions",Bedroom,Beddy&#039;s,"Bedding|Discount Code",publish,1,kcahill,kelscahill@gmail.com,Kelsey,Cahill,beddys-natural-set,,,0,0,0,closed,closed,2021-05-05,,,,,,,,,,,,,,,,,,,,,,,,,,https://www.beddys.com/discount/HAPPYGLAMPER?redirect=%2F%3Fafmc%3DHAPPYGLAMPER%26utm_campaign%3DHAPPYGLAMPER%26utm_source%3Dleaddyno%26utm_medium%3Daffiliate,,"Use code HAPPYGLAMPER for 20% off",,,,
959,"Decal Remover Eraser Wheel",,,2020-05-14,affiliate,https://thehappyglamper.co/affiliate/decal-remover-eraser-wheel/,https://thehappyglamper.co/wp-content/uploads/sites/2/2020/05/71u6iKa14kL._AC_SX569_.jpg,71u6iKa14kL._AC_SX569_,,,"Decal Remover Wheel to remove RV decals",https://thehappyglamper.co/wp-content/uploads/sites/2/2020/05/71u6iKa14kL._AC_SX569_.jpg,,"Camper>2005 Keystone Hornet|Camper>2007 Keystone Hornet",,Amazon,Tools,publish,1,kcahill,kelscahill@gmail.com,Kelsey,Cahill,decal-remover-eraser-wheel,,,0,0,0,closed,closed,2021-03-08,,,,,,,,,,,,,,,,,,,,,,,,,,https://amzn.to/3fN1Gca,,,,,,
961,"Accordion Folding Door",,,2020-05-17,affiliate,https://thehappyglamper.co/affiliate/accordion-folding-door/,https://thehappyglamper.co/wp-content/uploads/sites/2/2020/05/accordion-door.jpg,accordion-door,,,"Accordion Doors",https://thehappyglamper.co/wp-content/uploads/sites/2/2020/05/accordion-door.jpg,,"Camper>2005 Keystone Hornet",Bedroom,Amazon,Door,publish,1,kcahill,kelscahill@gmail.com,Kelsey,Cahill,accordion-folding-door,,,0,0,0,closed,closed,2020-05-17,,,,,,,,,,,,,,,,,,,,,,,,,,https://amzn.to/2WYB0ws,,,,,,
963,"Pixel Turkish Towel Set",,,2020-05-18,affiliate,https://thehappyglamper.co/affiliate/pixel-turkish-towel-set/,https://thehappyglamper.co/wp-content/uploads/sites/2/2020/05/pixel-turkish-towels.jpg,pixel-turkish-towels,,,"Olive and Linen Towels",https://thehappyglamper.co/wp-content/uploads/sites/2/2020/05/pixel-turkish-towels.jpg,,"Camper>2005 Keystone Hornet",Bathroom|Kitchen,"Olive &amp; Linen",Towels,publish,1,kcahill,kelscahill@gmail.com,Kelsey,Cahill,pixel-turkish-towel-set,,,0,0,0,closed,closed,2020-05-18,,,,,,,,,,,,,,,,,,,,,,,,,,https://bit.ly/3bCtrRr,,,,,,
965,"Sedona Double Sided Throw",,,2020-05-18,affiliate,https://thehappyglamper.co/affiliate/sedona-double-sided-throw/,https://thehappyglamper.co/wp-content/uploads/sites/2/2020/05/gray-throw-blank-ol.jpg,gray-throw-blank-ol,,,"Turkish Towel",https://thehappyglamper.co/wp-content/uploads/sites/2/2020/05/gray-throw-blank-ol.jpg,,"Camper>2005 Keystone Hornet","Bedroom|Living Room","Olive &amp; Linen","Throw Blanket",publish,1,kcahill,kelscahill@gmail.com,Kelsey,Cahill,sedona-double-sided-throw,,,0,0,0,closed,closed,2020-05-18,,,,,,,,,,,,,,,,,,,,,,,,,,https://bit.ly/2zbjAF0,,,,,,
967,"Dometic Slow Close Ceramic Toilet",,,2020-05-20,affiliate,https://thehappyglamper.co/affiliate/dometic-slow-close-ceramic-toilet/,https://thehappyglamper.co/wp-content/uploads/sites/2/2020/05/dometic-toilet.png,dometic-toilet,,,"RV Toilet",https://thehappyglamper.co/wp-content/uploads/sites/2/2020/05/dometic-toilet.png,,"Camper>2005 Keystone Hornet",Bathroom,"Camping World",Toilet,publish,1,kcahill,kelscahill@gmail.com,Kelsey,Cahill,dometic-slow-close-ceramic-toilet,,,0,0,0,closed,closed,2020-05-26,,,,,,,,,,,,,,,,,,,,,,,,,,https://click.linksynergy.com/deeplink?id=ciEZI1pXg1Q&mid=3332&murl=https%3A%2F%2Fwww.campingworld.com%2Fdometic-310-series-high-profile-gravity-discharge-toilet-white-107004.html,,,,,,
970,"RV Sand Free Outdoor Mat",,,2020-05-22,affiliate,https://thehappyglamper.co/affiliate/rv-sand-free-mat/,https://thehappyglamper.co/wp-content/uploads/sites/2/2020/05/CGEAR_CG05Y1601027NP_RV_MAT_GREEN_PRoduct_1_300dpi_3bb8dc16-f164-4cca-8b8a-59aec99b5f37.progressive.jpg,CGEAR_CG05Y1601027NP_RV_MAT_GREEN_PRoduct_1_300dpi_3bb8dc16-f164-4cca-8b8a-59aec99b5f37.progressive,,,,https://thehappyglamper.co/wp-content/uploads/sites/2/2020/05/CGEAR_CG05Y1601027NP_RV_MAT_GREEN_PRoduct_1_300dpi_3bb8dc16-f164-4cca-8b8a-59aec99b5f37.progressive.jpg,,"Camper>2005 Keystone Hornet|Camper>2007 Keystone Hornet",Outdoor,CGear,"Discount Code|Rug",publish,1,kcahill,kelscahill@gmail.com,Kelsey,Cahill,rv-sand-free-mat,,,0,0,0,closed,closed,2021-03-08,,,,,,,,,,,,,,,,,,,,,,,,,,https://cgear-sandfree.pxf.io/A9ooj,,"Use code HAPPYGLAMPER10 for 10% off",,,,
972,"18"" Feather Throw Pillow Insert",,,2020-05-22,affiliate,https://thehappyglamper.co/affiliate/18-feather-throw-pillow-insert/,https://thehappyglamper.co/wp-content/uploads/sites/2/2020/05/61Mbkyn8jSL._AC_SX425_.jpg|https://thehappyglamper.co/wp-content/uploads/sites/2/2020/05/51EgwmZ8SZL._AC_SX425_.jpg|https://thehappyglamper.co/wp-content/uploads/sites/2/2020/05/81DRTFV-T-L._AC_SY355_.jpg,61Mbkyn8jSL._AC_SX425_|51EgwmZ8SZL._AC_SX425_|81DRTFV-T-L._AC_SY355_,||,||,||,https://thehappyglamper.co/wp-content/uploads/sites/2/2020/05/61Mbkyn8jSL._AC_SX425_.jpg,,"Camper>2005 Keystone Hornet","Bedroom|Living Room",Amazon,"Throw Pillows",publish,1,kcahill,kelscahill@gmail.com,Kelsey,Cahill,18-feather-throw-pillow-insert,,,0,0,0,closed,closed,2020-05-22,,,,,,,,,,,,,,,,,,,,,,,,,,https://amzn.to/2WRj3kJ,,,,,,
975,"Set of 4 - 18"" Modern, Boho Throw Pillow Covers",,,2020-05-22,affiliate,https://thehappyglamper.co/affiliate/set-of-4-18-modern-boho-throw-pillow-covers/,https://thehappyglamper.co/wp-content/uploads/sites/2/2020/05/81DRTFV-T-L._AC_SY355_.jpg,81DRTFV-T-L._AC_SY355_,,,,https://thehappyglamper.co/wp-content/uploads/sites/2/2020/05/81DRTFV-T-L._AC_SY355_.jpg,,"Camper>2005 Keystone Hornet","Bedroom|Living Room",Amazon,"Throw Pillows",publish,1,kcahill,kelscahill@gmail.com,Kelsey,Cahill,set-of-4-18-modern-boho-throw-pillow-covers,,,0,0,0,closed,closed,2020-05-22,,,,,,,,,,,,,,,,,,,,,,,,,,https://amzn.to/2WTAp0n,,,,,,
982,"White Tea Kettle",,,2020-05-27,affiliate,https://thehappyglamper.co/affiliate/white-tea-kettle/,https://thehappyglamper.co/wp-content/uploads/sites/2/2020/05/white-tea-pot.png|https://thehappyglamper.co/wp-content/uploads/sites/2/2020/05/utensil-holder.png|https://thehappyglamper.co/wp-content/uploads/sites/2/2020/05/silicone-utensils.jpg|https://thehappyglamper.co/wp-content/uploads/sites/2/2020/05/silverware-organizer.png|https://thehappyglamper.co/wp-content/uploads/sites/2/2020/05/roll-up-drying-rack.jpg,white-tea-pot|utensil-holder|silicone-utensils|silverware-organizer|roll-up-drying-rack,||||,||||,"Tea Pot|Utensil Holder|Silicone Utensils|Silverware Organizer|Sink Drying Rack",https://thehappyglamper.co/wp-content/uploads/sites/2/2020/05/white-tea-pot.png,,"Camper>2005 Keystone Hornet",Kitchen,Amazon,"Kitchen Items",publish,1,kcahill,kelscahill@gmail.com,Kelsey,Cahill,white-tea-kettle,,,0,0,0,closed,closed,2020-05-27,,,,,,,,,,,,,,,,,,,,,,,,,,https://amzn.to/3gwgAns,,,,,,
988,"Roll-up Sink Drying Rack",,,2020-05-27,affiliate,https://thehappyglamper.co/affiliate/roll-up-sink-drying-rack/,https://thehappyglamper.co/wp-content/uploads/sites/2/2020/05/roll-up-drying-rack.jpg,roll-up-drying-rack,,,"Sink Drying Rack",https://thehappyglamper.co/wp-content/uploads/sites/2/2020/05/roll-up-drying-rack.jpg,,"Camper>2005 Keystone Hornet|Camper>2007 Keystone Hornet",Kitchen,Amazon,"Kitchen Items",publish,1,kcahill,kelscahill@gmail.com,Kelsey,Cahill,roll-up-sink-drying-rack,,,0,0,0,closed,closed,2021-03-08,,,,,,,,,,,,,,,,,,,,,,,,,,https://amzn.to/3c91xNk,,,,,,
989,"Silverware Drawer Organizer",,,2020-05-27,affiliate,https://thehappyglamper.co/affiliate/silverware-drawer-organizer/,https://thehappyglamper.co/wp-content/uploads/sites/2/2020/05/silverware-organizer.png,silverware-organizer,,,"Silverware Organizer",https://thehappyglamper.co/wp-content/uploads/sites/2/2020/05/silverware-organizer.png,,"Camper>2005 Keystone Hornet",Kitchen,Amazon,"Kitchen Items",publish,1,kcahill,kelscahill@gmail.com,Kelsey,Cahill,silverware-drawer-organizer,,,0,0,0,closed,closed,2020-05-27,,,,,,,,,,,,,,,,,,,,,,,,,,https://amzn.to/2zqWF97,,,,,,
990,"Porcelain Utensil Holder",,,2020-05-27,affiliate,https://thehappyglamper.co/affiliate/porcelain-utensil-holder/,https://thehappyglamper.co/wp-content/uploads/sites/2/2020/05/utensil-holder.png,utensil-holder,,,"Utensil Holder",https://thehappyglamper.co/wp-content/uploads/sites/2/2020/05/utensil-holder.png,,"Camper>2005 Keystone Hornet",Kitchen,Amazon,"Kitchen Items",publish,1,kcahill,kelscahill@gmail.com,Kelsey,Cahill,porcelain-utensil-holder,,,0,0,0,closed,closed,2020-05-27,,,,,,,,,,,,,,,,,,,,,,,,,,https://amzn.to/2ZDBJq2,,,,,,
991,"Silicone Kitchen Utensil Set",,,2020-05-27,affiliate,https://thehappyglamper.co/affiliate/silicone-kitchen-utensil-set/,https://thehappyglamper.co/wp-content/uploads/sites/2/2020/05/silicone-utensils.jpg,silicone-utensils,,,"Silicone Utensils",https://thehappyglamper.co/wp-content/uploads/sites/2/2020/05/silicone-utensils.jpg,,"Camper>2005 Keystone Hornet",Kitchen,Amazon,"Kitchen Items",publish,1,kcahill,kelscahill@gmail.com,Kelsey,Cahill,silicone-kitchen-utensil-set,,,0,0,0,closed,closed,2020-05-27,,,,,,,,,,,,,,,,,,,,,,,,,,https://amzn.to/2zASK9H,,,,,,
1033,"Wooden Coat/Towel Hooks",,,2020-06-22,affiliate,https://thehappyglamper.co/affiliate/wooden-coat-towel-hooks/,https://thehappyglamper.co/wp-content/uploads/sites/2/2020/06/514hGXZ2L._AC_SX679_.jpg,514hGX++Z2L._AC_SX679_,,,"Towel Hangers",https://thehappyglamper.co/wp-content/uploads/sites/2/2020/06/514hGXZ2L._AC_SX679_.jpg,,"Camper>2005 Keystone Hornet","Bathroom|Living Room",Amazon,"Coat/Towel Racks",publish,1,kcahill,kelscahill@gmail.com,Kelsey,Cahill,wooden-coat-towel-hooks,,,0,0,0,closed,closed,2020-09-09,,,,,,,,,,,,,,,,,,,,,,,,,,https://amzn.to/2YTzooZ,,,,,,
1044,"Matte Black Plastic Bowls",,,2020-06-23,affiliate,https://thehappyglamper.co/affiliate/matte-black-plastic-bowls/,https://thehappyglamper.co/wp-content/uploads/sites/2/2020/06/black-plastic-bowls.jpg,black-plastic-bowls,,,"Camper Bowls",https://thehappyglamper.co/wp-content/uploads/sites/2/2020/06/black-plastic-bowls.jpg,,"Camper>2005 Keystone Hornet",Kitchen,Amazon,"Kitchen Items|Matte Black",publish,1,kcahill,kelscahill@gmail.com,Kelsey,Cahill,matte-black-plastic-bowls,,,0,0,0,closed,closed,2020-06-23,,,,,,,,,,,,,,,,,,,,,,,,,,https://amzn.to/2VoT5Ej,,,,,,
1045,"Matte Black Plastic Plates",,,2020-06-23,affiliate,https://thehappyglamper.co/affiliate/matte-black-plastic-plates/,https://thehappyglamper.co/wp-content/uploads/sites/2/2020/06/black-plastic-plates.jpg,black-plastic-plates,,,"Camper Plates",https://thehappyglamper.co/wp-content/uploads/sites/2/2020/06/black-plastic-plates.jpg,,"Camper>2005 Keystone Hornet",Kitchen,Amazon,"Kitchen Items|Matte Black",publish,1,kcahill,kelscahill@gmail.com,Kelsey,Cahill,matte-black-plastic-plates,,,0,0,0,closed,closed,2020-06-23,,,,,,,,,,,,,,,,,,,,,,,,,,https://amzn.to/2V7QEFQ,,,,,,
1046,"Military Wool Blanket",,,2020-06-23,affiliate,https://thehappyglamper.co/affiliate/military-wool-blanket/,https://thehappyglamper.co/wp-content/uploads/sites/2/2020/06/grey-wool-blanket.jpg,grey-wool-blanket,,,"Wool Blanket",https://thehappyglamper.co/wp-content/uploads/sites/2/2020/06/grey-wool-blanket.jpg,,"Camper>2005 Keystone Hornet|Camper>2007 Keystone Hornet",Bedroom,Amazon,Bedding,publish,1,kcahill,kelscahill@gmail.com,Kelsey,Cahill,military-wool-blanket,,,0,0,0,closed,closed,2021-03-08,,,,,,,,,,,,,,,,,,,,,,,,,,https://amzn.to/2V5UFdK,,,,,,
1047,"Moscow Mule Mugs",,,2020-06-23,affiliate,https://thehappyglamper.co/affiliate/moscow-mule-mugs/,https://thehappyglamper.co/wp-content/uploads/sites/2/2020/06/moscow-mule-mugs.jpg,moscow-mule-mugs,,,"Copper Mugs",https://thehappyglamper.co/wp-content/uploads/sites/2/2020/06/moscow-mule-mugs.jpg,,"Camper>2005 Keystone Hornet",Kitchen,Amazon,"Kitchen Items",publish,1,kcahill,kelscahill@gmail.com,Kelsey,Cahill,moscow-mule-mugs,,,0,0,0,closed,closed,2020-06-23,,,,,,,,,,,,,,,,,,,,,,,,,,https://amzn.to/3dqdGOk,,,,,,
1048,"Matte Black Paper Towel Holder",,,2020-06-23,affiliate,https://thehappyglamper.co/affiliate/matte-black-paper-towel-holder/,https://thehappyglamper.co/wp-content/uploads/sites/2/2020/06/paper-towel-holder-black.jpg,paper-towel-holder-black,,,"Paper Towel Holder",https://thehappyglamper.co/wp-content/uploads/sites/2/2020/06/paper-towel-holder-black.jpg,,"Camper>2005 Keystone Hornet",Kitchen,Amazon,"Kitchen Items",publish,1,kcahill,kelscahill@gmail.com,Kelsey,Cahill,matte-black-paper-towel-holder,,,0,0,0,closed,closed,2020-06-23,,,,,,,,,,,,,,,,,,,,,,,,,,https://amzn.to/3epPkWv,,,,,,
1049,"Black Shower Soap Holder",,,2020-06-23,affiliate,https://thehappyglamper.co/affiliate/black-shower-soap-holder/,https://thehappyglamper.co/wp-content/uploads/sites/2/2020/06/soap-holder-black.jpg,soap-holder-black,,,"Soap Holder",https://thehappyglamper.co/wp-content/uploads/sites/2/2020/06/soap-holder-black.jpg,,"Camper>2005 Keystone Hornet|Camper>2007 Keystone Hornet",Bathroom,Amazon,,publish,1,kcahill,kelscahill@gmail.com,Kelsey,Cahill,black-shower-soap-holder,,,0,0,0,closed,closed,2021-03-08,,,,,,,,,,,,,,,,,,,,,,,,,,https://amzn.to/3fOA7hQ,,,,,,
1050,"White Storage Caddy",,,2020-06-23,affiliate,https://thehappyglamper.co/affiliate/white-storage-caddy/,https://thehappyglamper.co/wp-content/uploads/sites/2/2020/06/storage-caddy.jpg,storage-caddy,,,"RV Storage",https://thehappyglamper.co/wp-content/uploads/sites/2/2020/06/storage-caddy.jpg,,"Camper>2005 Keystone Hornet",Bathroom,Amazon,,publish,1,kcahill,kelscahill@gmail.com,Kelsey,Cahill,white-storage-caddy,,,0,0,0,closed,closed,2020-06-23,,,,,,,,,,,,,,,,,,,,,,,,,,https://amzn.to/2NlxfwS,,,,,,
1051,"Metal Enamel Storage Stool",,,2020-06-23,affiliate,https://thehappyglamper.co/affiliate/metal-enamel-storage-stool/,https://thehappyglamper.co/wp-content/uploads/sites/2/2020/06/storage-stools.jpg,storage-stools,,,"RV Stools",https://thehappyglamper.co/wp-content/uploads/sites/2/2020/06/storage-stools.jpg,,"Camper>2005 Keystone Hornet|Camper>2007 Keystone Hornet","Living Room",Amazon,Storage,publish,1,kcahill,kelscahill@gmail.com,Kelsey,Cahill,metal-enamel-storage-stool,,,0,0,0,closed,closed,2021-03-08,,,,,,,,,,,,,,,,,,,,,,,,,,https://amzn.to/2V9NSzV,,,,,,
1071,"Non-Slip Furniture Pads",,,2020-07-19,affiliate,https://thehappyglamper.co/affiliate/non-slip-furniture-pads/,https://thehappyglamper.co/wp-content/uploads/sites/2/2020/07/non-slip-funiture-pads.jpg,non-slip-funiture-pads,,,"Non-slip pads",https://thehappyglamper.co/wp-content/uploads/sites/2/2020/07/non-slip-funiture-pads.jpg,,"Camper>2005 Keystone Hornet","Living Room",Amazon,,publish,1,kcahill,kelscahill@gmail.com,Kelsey,Cahill,non-slip-furniture-pads,,,0,0,0,closed,closed,2020-09-09,,,,,,,,,,,,,,,,,,,,,,,,,,https://amzn.to/2OBfFpe,,,,,,
1087,"Over the Door Black Metal Mirror",,,2020-07-22,affiliate,https://thehappyglamper.co/affiliate/over-the-door-black-metal-mirror/,https://thehappyglamper.co/wp-content/uploads/sites/2/2020/07/Screen-Shot-2020-07-22-at-9.14.49-AM.png,"Screen Shot 2020-07-22 at 9.14.49 AM",,,"Target Mirror",https://thehappyglamper.co/wp-content/uploads/sites/2/2020/07/Screen-Shot-2020-07-22-at-9.14.49-AM.png,,"Camper>2005 Keystone Hornet","Bathroom|Living Room",Target,Mirrors,publish,1,kcahill,kelscahill@gmail.com,Kelsey,Cahill,over-the-door-black-metal-mirror,,,0,0,0,closed,closed,2020-07-22,,,,,,,,,,,,,,,,,,,,,,,,,,https://goto.target.com/M9emM,,,,,,
1110,"Linear Aztec Black Rug",,,2020-07-29,affiliate,https://thehappyglamper.co/affiliate/linear-aztec-black-rug/,https://thehappyglamper.co/wp-content/uploads/sites/2/2020/07/aztec-rug.jpg,aztec-rug,,,"Ruggable Rug",https://thehappyglamper.co/wp-content/uploads/sites/2/2020/07/aztec-rug.jpg,,"Camper>2005 Keystone Hornet","Living Room",Ruggable,Rug,publish,1,kcahill,kelscahill@gmail.com,Kelsey,Cahill,linear-aztec-black-rug,,,0,0,0,closed,closed,2020-09-12,,,,,,,,,,,,,,,,,,,,,,,,,,https://www.anrdoezrs.net/links/100181649/type/dlg/https://ruggable.com/products/linear-aztec-black?size=2.5x10,,,,,,
1112,"FlexiSpot Sit Stand Smart Workstation",,,2020-07-29,affiliate,https://thehappyglamper.co/affiliate/flexispot-sit-stand-smart-workstation/,https://thehappyglamper.co/wp-content/uploads/sites/2/2020/07/flexi-spot-desk.jpg,flexi-spot-desk,,,"Standing Desk",https://thehappyglamper.co/wp-content/uploads/sites/2/2020/07/flexi-spot-desk.jpg,,"Camper>2005 Keystone Hornet","Living Room|Office",Amazon,,publish,1,kcahill,kelscahill@gmail.com,Kelsey,Cahill,flexispot-sit-stand-smart-workstation,,,0,0,0,closed,closed,2020-10-19,,,,,,,,,,,,,,,,,,,,,,,,,,https://flexispot.refr.cc/thehappyglamperco,,"Get $15 off by just clicking this link",,,,
1119,"RV Hanging Portable Closet Storage",,,2020-08-09,affiliate,https://thehappyglamper.co/affiliate/hanging-portable-luggage-suitcase-closet-shelving/,https://thehappyglamper.co/wp-content/uploads/sites/2/2020/08/artos-travel-bag.jpg,artos-travel-bag,,,"RV Travel Bag",https://thehappyglamper.co/wp-content/uploads/sites/2/2020/08/artos-travel-bag.jpg,,"Camper>2005 Keystone Hornet",Bedroom,Amazon,"Discount Code|Storage",publish,1,kcahill,kelscahill@gmail.com,Kelsey,Cahill,hanging-portable-luggage-suitcase-closet-shelving,,,0,0,0,closed,closed,2020-08-09,,,,,,,,,,,,,,,,,,,,,,,,,,https://amzn.to/2XLqvxP,,"Use code RVRENO15 for 15% off",,,,
1131,"Floating Storage Shelf",,,2020-08-15,affiliate,https://thehappyglamper.co/affiliate/floating-storage-shelf/,https://thehappyglamper.co/wp-content/uploads/sites/2/2020/08/flexmont-floating-shelf.png,flexmont-floating-shelf,,,"Garage Floating Shelfs",https://thehappyglamper.co/wp-content/uploads/sites/2/2020/08/flexmont-floating-shelf.png,,,Basement|Garage,,Storage,publish,1,kcahill,kelscahill@gmail.com,Kelsey,Cahill,floating-storage-shelf,,,0,0,0,closed,closed,2020-10-06,,,,,,,,,,,,,,,,,,,,,,,,,,https://fleximounts.refr.cc/kelseycahill,,"Use this link and get 10% off your entire order",,,,
1133,"TrafficMaster Pacific Pine Flooring",,,2020-08-17,affiliate,https://thehappyglamper.co/affiliate/trafficmaster-pacific-pine-flooring/,https://thehappyglamper.co/wp-content/uploads/sites/2/2020/08/Screen-Shot-2020-08-17-at-6.49.43-AM.png,"Screen Shot 2020-08-17 at 6.49.43 AM",,,"TrafficMaster Pacific Pine Flooring",https://thehappyglamper.co/wp-content/uploads/sites/2/2020/08/Screen-Shot-2020-08-17-at-6.49.43-AM.png,,"Camper>2005 Keystone Hornet|Camper>2007 Keystone Hornet",Any,"Home Depot",Flooring,publish,1,kcahill,kelscahill@gmail.com,Kelsey,Cahill,trafficmaster-pacific-pine-flooring,,,0,0,0,closed,closed,2021-03-07,,,,,,,,,,,,,,,,,,,,,,,,,,https://homedepot.sjv.io/ddRX7,,,,,,
1164,"Pewter Green Paint Color",,,2020-08-27,affiliate,https://thehappyglamper.co/affiliate/pewter-green-by-sherwin-williams/,https://thehappyglamper.co/wp-content/uploads/sites/2/2020/08/paint-pewter-green.png|https://thehappyglamper.co/wp-content/uploads/sites/2/2020/08/paint-frost.png|https://thehappyglamper.co/wp-content/uploads/sites/2/2020/08/paint-broadway.png,paint-pewter-green|paint-frost|paint-broadway,||,||,"Pewter Green by Behr|Frost by Behr|Broadway by Behr",https://thehappyglamper.co/wp-content/uploads/sites/2/2020/08/paint-pewter-green.png,,"Camper>2005 Keystone Hornet|Camper>2007 Keystone Hornet",Any,"Sherwin Williams",Paint,publish,1,kcahill,kelscahill@gmail.com,Kelsey,Cahill,pewter-green-by-sherwin-williams,,,0,0,0,closed,closed,2021-03-07,,,,,,,,,,,,,,,,,,,,,,,,,,https://www.sherwin-williams.com/homeowners/color/find-and-explore-colors/paint-colors-by-family/SW6208-pewter-green?gclid=Cj0KCQjws536BRDTARIsANeUZ59EXlS_g7mHzrxDqhd3CcETA10S3nBlqkdF8U6phwP9g47Gf1TMECIaAt8xEALw_wcB,,,,,,
1168,"Broadway Paint Color",,,2020-08-27,affiliate,https://thehappyglamper.co/affiliate/broadway-paint-color/,https://thehappyglamper.co/wp-content/uploads/sites/2/2020/08/paint-broadway.png,paint-broadway,,,"Broadway by Behr",https://thehappyglamper.co/wp-content/uploads/sites/2/2020/08/paint-broadway.png,,"Camper>2005 Keystone Hornet|Camper>2007 Keystone Hornet",Any,Behr,Paint,publish,1,kcahill,kelscahill@gmail.com,Kelsey,Cahill,broadway-paint-color,,,0,0,0,closed,closed,2021-03-07,,,,,,,,,,,,,,,,,,,,,,,,,,https://www.behr.com/consumer/ColorDetailView/PPU18-20,,,,,,
1169,"Frost Paint Color",,,2020-08-27,affiliate,https://thehappyglamper.co/affiliate/frost-paint-color/,https://thehappyglamper.co/wp-content/uploads/sites/2/2020/08/paint-frost.png,paint-frost,,,"Frost by Behr",https://thehappyglamper.co/wp-content/uploads/sites/2/2020/08/paint-frost.png,,"Camper>2005 Keystone Hornet|Camper>2007 Keystone Hornet",Any,Behr,Paint,publish,1,kcahill,kelscahill@gmail.com,Kelsey,Cahill,frost-paint-color,,,0,0,0,closed,closed,2020-10-02,,,,,,,,,,,,,,,,,,,,,,,,,,https://www.behr.com/consumer/ColorDetailView/57,,,,,,
1210,"Throw Pillow Covers",,,2020-09-24,affiliate,https://thehappyglamper.co/affiliate/throw-pillow-covers/,https://thehappyglamper.co/wp-content/uploads/sites/2/2020/09/Screen-Shot-2020-09-24-at-12.11.34-PM.png,"Screen Shot 2020-09-24 at 12.11.34 PM",,,"The Charming Poppy Throw Pillow Covers",https://thehappyglamper.co/wp-content/uploads/sites/2/2020/09/Screen-Shot-2020-09-24-at-12.11.34-PM.png,,"Camper>2005 Keystone Hornet",Any,"The Charming Poppy","Discount Code|Throw Pillows",publish,1,kcahill,kelscahill@gmail.com,Kelsey,Cahill,throw-pillow-covers,,,0,0,0,closed,closed,2020-09-24,,,,,,,,,,,,,,,,,,,,,,,,,,https://thecharmingpoppy.com/collections/pillow-covers,,"Use code HAPPYGLAMPER for 20% off",,,,
1212,"RV Keyless Entry Lock",,,2020-09-24,affiliate,https://thehappyglamper.co/affiliate/rv-keyless-entry-lock/,https://thehappyglamper.co/wp-content/uploads/sites/2/2020/09/81A3pGcePqL._AC_SX569_.jpg,81A3pGcePqL._AC_SX569_,,,"Latch It RV Keyless Entry",https://thehappyglamper.co/wp-content/uploads/sites/2/2020/09/81A3pGcePqL._AC_SX569_.jpg,,"Camper>2005 Keystone Hornet|Camper>2007 Keystone Hornet",Exterior,Amazon,"RV Parts",publish,1,kcahill,kelscahill@gmail.com,Kelsey,Cahill,rv-keyless-entry-lock,,,0,0,0,closed,closed,2021-05-10,,,,,,,,,,,,,,,,,,,,,,,,,,https://www.latchit.org/products-5/rv-door-lock?ref=thehappyglamperco,,,,,,
1230,"Matte Black Shower Rod",,,2020-10-19,affiliate,https://thehappyglamper.co/affiliate/matte-black-shower-rod/,https://thehappyglamper.co/wp-content/uploads/sites/2/2020/10/black-shower-rod.png,black-shower-rod,,,"Matte Black Tension Shower Rod",https://thehappyglamper.co/wp-content/uploads/sites/2/2020/10/black-shower-rod.png,,"Camper>2005 Keystone Hornet",Bathroom,Amazon,Hardware,publish,1,kcahill,kelscahill@gmail.com,Kelsey,Cahill,matte-black-shower-rod,,,0,0,0,closed,closed,2021-04-26,,,,,,,,,,,,,,,,,,,,,,,,,,https://amzn.to/3jeYQx8,,,,,,
1232,"Black Clip Curtain Rings",,,2020-10-19,affiliate,https://thehappyglamper.co/affiliate/black-clip-curtain-rings/,https://thehappyglamper.co/wp-content/uploads/sites/2/2020/10/black-curtain-rings.png,black-curtain-rings,,,"Black Clip Curtain Rings",https://thehappyglamper.co/wp-content/uploads/sites/2/2020/10/black-curtain-rings.png,,"Camper>2005 Keystone Hornet|Camper>2007 Keystone Hornet",Bathroom,Amazon,Hardware,publish,1,kcahill,kelscahill@gmail.com,Kelsey,Cahill,black-clip-curtain-rings,,,0,0,0,closed,closed,2021-04-26,,,,,,,,,,,,,,,,,,,,,,,,,,https://amzn.to/3o8KYbI,,,,,,
1428,"303 Ultimate UV Protection",,,2021-02-17,affiliate,https://thehappyglamper.co/affiliate/303-ultimate-uv-protection/,https://thehappyglamper.co/wp-content/uploads/sites/2/2021/02/303-protectant.png,303-protectant,,,"303 UV Protectant for RV's",https://thehappyglamper.co/wp-content/uploads/sites/2/2021/02/303-protectant.png,,,Exterior,Amazon,"RV Maintenance",publish,1,kcahill,kelscahill@gmail.com,Kelsey,Cahill,303-ultimate-uv-protection,,,0,0,0,closed,closed,2021-03-10,,,,,,,,,,,,,,,,,,,,,,,,,,https://amzn.to/3u4d5eW,,,,,,
1430,"ProFlex Exterior RV Sealant",,,2021-02-17,affiliate,https://thehappyglamper.co/affiliate/proflex-exterior-rv-sealant/,https://thehappyglamper.co/wp-content/uploads/sites/2/2021/02/hg-pro-flex-caulk.png,hg-pro-flex-caulk,,,"Pro Flex Caulk for RV's",https://thehappyglamper.co/wp-content/uploads/sites/2/2021/02/hg-pro-flex-caulk.png,,,Exterior,Amazon,"RV Maintenance",publish,1,kcahill,kelscahill@gmail.com,Kelsey,Cahill,proflex-exterior-rv-sealant,,,0,0,0,closed,closed,2021-02-17,,,,,,,,,,,,,,,,,,,,,,,,,,https://amzn.to/2ONHpuf,,,,,,
1432,"RV Slideout & Window Track Care",,,2021-02-17,affiliate,https://thehappyglamper.co/affiliate/rv-slideout-window-track-care/,https://thehappyglamper.co/wp-content/uploads/sites/2/2021/02/rv-slideout-care-2.png|https://thehappyglamper.co/wp-content/uploads/sites/2/2021/02/rv-slideout-care.png|https://thehappyglamper.co/wp-content/uploads/sites/2/2021/02/rv-slideout-care-1.png,rv-slideout-care|rv-slideout-care|rv-slideout-care-1,||,||,"RV Slideout Care||",https://thehappyglamper.co/wp-content/uploads/sites/2/2021/02/rv-slideout-care-2.png,,,Exterior,Amazon,"RV Maintenance",publish,1,kcahill,kelscahill@gmail.com,Kelsey,Cahill,rv-slideout-window-track-care,,,0,0,0,closed,closed,2021-02-17,,,,,,,,,,,,,,,,,,,,,,,,,,https://amzn.to/37nlsZq,,,,,,
1436,"Interior Extreme Stretch Paintable Caulk",,,2021-02-17,affiliate,https://thehappyglamper.co/affiliate/interior-extreme-stretch-paintable-caulk/,https://thehappyglamper.co/wp-content/uploads/sites/2/2021/02/dap-extreme-strectch-caulk.png,dap-extreme-strectch-caulk,,,,https://thehappyglamper.co/wp-content/uploads/sites/2/2021/02/dap-extreme-strectch-caulk.png,,,Exterior,Amazon,"Paint|RV Maintenance",publish,1,kcahill,kelscahill@gmail.com,Kelsey,Cahill,interior-extreme-stretch-paintable-caulk,,,0,0,0,closed,closed,2021-02-17,,,,,,,,,,,,,,,,,,,,,,,,,,https://amzn.to/2ODEoMO,,,,,,
1438,"Solera Slideout Awning",,,2021-02-17,affiliate,https://thehappyglamper.co/affiliate/solera-slideout-awning/,https://thehappyglamper.co/wp-content/uploads/sites/2/2021/02/solera-slideout-awning.png,solera-slideout-awning,,,,https://thehappyglamper.co/wp-content/uploads/sites/2/2021/02/solera-slideout-awning.png,,,Exterior,Amazon,"RV Parts",publish,1,kcahill,kelscahill@gmail.com,Kelsey,Cahill,solera-slideout-awning,,,0,0,0,closed,closed,2021-02-17,,,,,,,,,,,,,,,,,,,,,,,,,,https://amzn.to/2NBfVXU,,,,,,
1440,"RecPro RV Rubber Roof Kit",,,2021-02-17,affiliate,https://thehappyglamper.co/affiliate/recpro-rv-rubber-roof-kit/,https://thehappyglamper.co/wp-content/uploads/sites/2/2021/02/recpro-rv-rubber-roof-kit.png,recpro-rv-rubber-roof-kit,,,,https://thehappyglamper.co/wp-content/uploads/sites/2/2021/02/recpro-rv-rubber-roof-kit.png,,"Camper>2005 Keystone Hornet",Exterior,Amazon,"RV Maintenance",publish,1,kcahill,kelscahill@gmail.com,Kelsey,Cahill,recpro-rv-rubber-roof-kit,,,0,0,0,closed,closed,2021-04-26,,,,,,,,,,,,,,,,,,,,,,,,,,https://amzn.to/3auB67b,,,,,,
1442,"Graco Magnum X5 Paint Sprayer",,,2021-02-17,affiliate,https://thehappyglamper.co/affiliate/graco-magnum-x5-paint-sprayer/,https://thehappyglamper.co/wp-content/uploads/sites/2/2021/02/61MbQYjUg0L._AC_SX679_.jpg,61MbQYjUg0L._AC_SX679_,,,,https://thehappyglamper.co/wp-content/uploads/sites/2/2021/02/61MbQYjUg0L._AC_SX679_.jpg,,"Camper>2005 Keystone Hornet|Camper>2007 Keystone Hornet",,Amazon,Paint,publish,1,kcahill,kelscahill@gmail.com,Kelsey,Cahill,graco-magnum-x5-paint-sprayer,,,0,0,0,closed,closed,2021-03-08,,,,,,,,,,,,,,,,,,,,,,,,,,https://amzn.to/3sfuPm3,,,,,,
1464,"30"" Recessed Fireplace",,,2021-03-07,affiliate,https://thehappyglamper.co/affiliate/30-recessed-fireplace/,https://thehappyglamper.co/wp-content/uploads/sites/2/2021/03/fireplace.png,fireplace,,,,https://thehappyglamper.co/wp-content/uploads/sites/2/2021/03/fireplace.png,,"Camper>2007 Keystone Hornet","Living Room",Amazon,"Entertainment Center",publish,1,kcahill,kelscahill@gmail.com,Kelsey,Cahill,30-recessed-fireplace,,,0,0,0,closed,closed,2021-03-07,,,,,,,,,,,,,,,,,,,,,,,,,,https://amzn.to/2PH4NKn,,,,,,
1465,"7350 Flooring Adhesive",,,2021-03-07,affiliate,https://thehappyglamper.co/affiliate/7350-flooring-adhesive/,https://thehappyglamper.co/wp-content/uploads/sites/2/2021/03/91A5WbdpqcL._AC_SX679_.jpg,91A5WbdpqcL._AC_SX679_,,,,https://thehappyglamper.co/wp-content/uploads/sites/2/2021/03/91A5WbdpqcL._AC_SX679_.jpg,,"Camper>2005 Keystone Hornet|Camper>2007 Keystone Hornet",Any,Amazon,Flooring,publish,1,kcahill,kelscahill@gmail.com,Kelsey,Cahill,7350-flooring-adhesive,,,0,0,0,closed,closed,2021-03-07,,,,,,,,,,,,,,,,,,,,,,,,,,https://amzn.to/3v1fho1,,,,,,
1467,"Barn Door Hardware",,,2021-03-07,affiliate,https://thehappyglamper.co/affiliate/barn-door-hardware/,https://thehappyglamper.co/wp-content/uploads/sites/2/2021/03/71gtYyXJFHL._AC_SX679_.jpg,71gtYyXJFHL._AC_SX679_,,,,https://thehappyglamper.co/wp-content/uploads/sites/2/2021/03/71gtYyXJFHL._AC_SX679_.jpg,,"Camper>2007 Keystone Hornet","Living Room",Amazon,"Entertainment Center",publish,1,kcahill,kelscahill@gmail.com,Kelsey,Cahill,barn-door-hardware,,,0,0,0,closed,closed,2021-03-07,,,,,,,,,,,,,,,,,,,,,,,,,,https://amzn.to/3qjlAQl,,,,,,
1468,"Rocker On/Off Switches",,,2021-03-07,affiliate,https://thehappyglamper.co/affiliate/rocker-on-off-switches/,https://thehappyglamper.co/wp-content/uploads/sites/2/2021/03/61e3DqXixrL._SX522_.jpg,61e3DqXixrL._SX522_,,,,https://thehappyglamper.co/wp-content/uploads/sites/2/2021/03/61e3DqXixrL._SX522_.jpg,,"Camper>2007 Keystone Hornet",Any,Amazon,"Entertainment Center",publish,1,kcahill,kelscahill@gmail.com,Kelsey,Cahill,rocker-on-off-switches,,,0,0,0,closed,closed,2021-03-07,,,,,,,,,,,,,,,,,,,,,,,,,,https://amzn.to/3ejGVqi,,,,,,
1469,"Wall Sconce",,,2021-03-07,affiliate,https://thehappyglamper.co/affiliate/wall-sconce/,https://thehappyglamper.co/wp-content/uploads/sites/2/2021/03/51dkj0Lxo6L._AC_SX679_.jpg,51dkj0Lxo6L._AC_SX679_,,,,https://thehappyglamper.co/wp-content/uploads/sites/2/2021/03/51dkj0Lxo6L._AC_SX679_.jpg,,"Camper>2007 Keystone Hornet","Living Room",Amazon,"Entertainment Center|Matte Black",publish,1,kcahill,kelscahill@gmail.com,Kelsey,Cahill,wall-sconce,,,0,0,0,closed,closed,2021-03-07,,,,,,,,,,,,,,,,,,,,,,,,,,https://amzn.to/2Obls8r,,,,,,
1474,"iRV Bluetooth Stereo",,,2021-03-16,affiliate,https://thehappyglamper.co/affiliate/irv-bluetooth-stereo/,https://thehappyglamper.co/wp-content/uploads/sites/2/2021/03/Screen-Shot-2021-03-16-at-8.05.08-AM.png,"Screen Shot 2021-03-16 at 8.05.08 AM",,,,https://thehappyglamper.co/wp-content/uploads/sites/2/2021/03/Screen-Shot-2021-03-16-at-8.05.08-AM.png,,"Camper>2007 Keystone Hornet","Living Room",Amazon,"Entertainment Center|Stereos",publish,1,kcahill,kelscahill@gmail.com,Kelsey,Cahill,irv-bluetooth-stereo,,,0,0,0,closed,closed,2021-04-26,,,,,,,,,,,,,,,,,,,,,,,,,,https://amzn.to/2OBtzeE,,,,,,
1480,"Flood 610 Floetrol",,,2021-04-05,affiliate,https://thehappyglamper.co/affiliate/flood-610-floetrol/,https://thehappyglamper.co/wp-content/uploads/sites/2/2021/04/flood-floetrol.png,flood-floetrol,,,,https://thehappyglamper.co/wp-content/uploads/sites/2/2021/04/flood-floetrol.png,,"Camper>2005 Keystone Hornet|Camper>2007 Keystone Hornet",Any,Amazon,Paint,publish,1,kcahill,kelscahill@gmail.com,Kelsey,Cahill,flood-610-floetrol,,,0,0,0,closed,closed,2021-04-05,,,,,,,,,,,,,,,,,,,,,,,,,,https://amzn.to/3dCpAqD,,,,,,
1490,"RV Interior LED Bulbs Warm White",,,2021-04-06,affiliate,https://thehappyglamper.co/affiliate/rv-interior-led-bulbs-warm-white/,https://thehappyglamper.co/wp-content/uploads/sites/2/2021/04/led-bulbs.png,led-bulbs,,,,https://thehappyglamper.co/wp-content/uploads/sites/2/2021/04/led-bulbs.png,,"Camper>2005 Keystone Hornet|Camper>2007 Keystone Hornet",Any,Amazon,"Lights|RV Parts",publish,1,kcahill,kelscahill@gmail.com,Kelsey,Cahill,rv-interior-led-bulbs-warm-white,,,0,0,0,closed,closed,2021-04-26,,,,,,,,,,,,,,,,,,,,,,,,,,https://amzn.to/3wtTohL,,,,,,
1507,"ArtResin Epoxy",,,2021-04-09,affiliate,https://thehappyglamper.co/affiliate/artresin-epoxy/,https://thehappyglamper.co/wp-content/uploads/sites/2/2021/04/artresin-epoxy.jpg,artresin-epoxy,,,,https://thehappyglamper.co/wp-content/uploads/sites/2/2021/04/artresin-epoxy.jpg,,"Camper>2005 Keystone Hornet|Camper>2007 Keystone Hornet",Any,Amazon,,publish,1,kcahill,kelscahill@gmail.com,Kelsey,Cahill,artresin-epoxy,,,0,0,0,closed,closed,2021-04-09,,,,,,,,,,,,,,,,,,,,,,,,,,https://amzn.to/3dRrALH,,,,,,
1508,"Sliding Barn Door Hardware",,,2021-04-09,affiliate,https://thehappyglamper.co/affiliate/sliding-barn-door-hardware/,https://thehappyglamper.co/wp-content/uploads/sites/2/2021/04/sliding-barn-door-hardware.jpg,sliding-barn-door-hardware,,,,https://thehappyglamper.co/wp-content/uploads/sites/2/2021/04/sliding-barn-door-hardware.jpg,,"Camper>2007 Keystone Hornet","Living Room",Amazon,Hardware,publish,1,kcahill,kelscahill@gmail.com,Kelsey,Cahill,sliding-barn-door-hardware,,,0,0,0,closed,closed,2021-04-09,,,,,,,,,,,,,,,,,,,,,,,,,,https://amzn.to/3wH28RV,,,,,,
1509,"Faux Pampas Grass",,,2021-04-09,affiliate,https://thehappyglamper.co/affiliate/faux-pampas-grass/,https://thehappyglamper.co/wp-content/uploads/sites/2/2021/04/fuax-pampas-grass.jpg,fuax-pampas-grass,,,,https://thehappyglamper.co/wp-content/uploads/sites/2/2021/04/fuax-pampas-grass.jpg,,"Camper>2007 Keystone Hornet",Any,Amazon,Decor,publish,1,kcahill,kelscahill@gmail.com,Kelsey,Cahill,faux-pampas-grass,,,0,0,0,closed,closed,2021-04-09,,,,,,,,,,,,,,,,,,,,,,,,,,https://amzn.to/3wRHD5d,,,,,,
1510,"36"" x 24"" Mirror",,,2021-04-09,affiliate,https://thehappyglamper.co/affiliate/36-x-24-mirror/,https://thehappyglamper.co/wp-content/uploads/sites/2/2021/04/36x24-target-mirror.png,36x24-target-mirror,,,,https://thehappyglamper.co/wp-content/uploads/sites/2/2021/04/36x24-target-mirror.png,,"Camper>2007 Keystone Hornet",Bathroom,Target,Decor|Mirrors,publish,1,kcahill,kelscahill@gmail.com,Kelsey,Cahill,36-x-24-mirror,,,0,0,0,closed,closed,2021-04-26,,,,,,,,,,,,,,,,,,,,,,,,,,http://goto.target.com/LPX5dL,,,,,,
1511,"Set of 3 Bottle Vases",,,2021-04-09,affiliate,https://thehappyglamper.co/affiliate/set-of-3-bottle-vases/,https://thehappyglamper.co/wp-content/uploads/sites/2/2021/04/set-of-3-bottle-vases.png|https://thehappyglamper.co/wp-content/uploads/sites/2/2021/04/36x24-target-mirror.png|https://thehappyglamper.co/wp-content/uploads/sites/2/2021/04/fuax-pampas-grass.jpg|https://thehappyglamper.co/wp-content/uploads/sites/2/2021/04/sliding-barn-door-hardware.jpg|https://thehappyglamper.co/wp-content/uploads/sites/2/2021/04/artresin-epoxy.jpg,set-of-3-bottle-vases|36x24-target-mirror|fuax-pampas-grass|sliding-barn-door-hardware|artresin-epoxy,||||,||||,||||,https://thehappyglamper.co/wp-content/uploads/sites/2/2021/04/set-of-3-bottle-vases.png,,"Camper>2007 Keystone Hornet",Any,Target,Decor,publish,1,kcahill,kelscahill@gmail.com,Kelsey,Cahill,set-of-3-bottle-vases,,,0,0,0,closed,closed,2021-04-09,,,,,,,,,,,,,,,,,,,,,,,,,,http://goto.target.com/qn406j,,,,,,
1519,"12"" Sliding Door Handle",,,2021-04-23,affiliate,https://thehappyglamper.co/affiliate/12-sliding-door-handle/,https://thehappyglamper.co/wp-content/uploads/sites/2/2021/04/sliding-door-handle.png,sliding-door-handle,,,,https://thehappyglamper.co/wp-content/uploads/sites/2/2021/04/sliding-door-handle.png,,"Camper>2007 Keystone Hornet",Any,Amazon,Hardware,publish,1,kcahill,kelscahill@gmail.com,Kelsey,Cahill,12-sliding-door-handle,,,0,0,0,closed,closed,2021-04-23,,,,,,,,,,,,,,,,,,,,,,,,,,https://amzn.to/2PgexLL,,,,,,
1520,"Sliding Door Lock",,,2021-04-23,affiliate,https://thehappyglamper.co/affiliate/sliding-door-lock/,https://thehappyglamper.co/wp-content/uploads/sites/2/2021/04/61Nbpee5RvL._AC_SX425_.jpg|https://thehappyglamper.co/wp-content/uploads/sites/2/2021/04/sliding-door-handle.png,61Nbpee5RvL._AC_SX425_|sliding-door-handle,|,|,|,https://thehappyglamper.co/wp-content/uploads/sites/2/2021/04/61Nbpee5RvL._AC_SX425_.jpg,,"Camper>2007 Keystone Hornet",Any,Amazon,Hardware,publish,1,kcahill,kelscahill@gmail.com,Kelsey,Cahill,sliding-door-lock,,,0,0,0,closed,closed,2021-04-23,,,,,,,,,,,,,,,,,,,,,,,,,,https://amzn.to/3nfav2z,,,,,,
1524,"Twin 66"" Wide Faux Leather Futon",,,2021-04-26,affiliate,https://thehappyglamper.co/affiliate/twin-66-wide-faux-leather-futon/,https://thehappyglamper.co/wp-content/uploads/sites/2/2021/04/brown-leather-futon.png,brown-leather-futon,,,"Brown Leather Futon",https://thehappyglamper.co/wp-content/uploads/sites/2/2021/04/brown-leather-futon.png,,"Camper>2007 Keystone Hornet","Living Room",Wayfair,Futons,publish,1,kcahill,kelscahill@gmail.com,Kelsey,Cahill,twin-66-wide-faux-leather-futon,,,0,0,0,closed,closed,2021-04-26,,,,,,,,,,,,,,,,,,,,,,,,,,https://www.kqzyfj.com/click-100181649-14359490?url=https%3A%2F%2Fwww.wayfair.com%2FLatitude-Run%25C2%25AE--Janni-Twin-66-Wide-Faux-Leather-Biscuit-Back-Convertible-Sofa-ZUDI2226-L978-K%7EW000629485.html%3F%26PiID%255B%255D%3D465020576&cjsku=W000629485_465020576,,,,,,
1526,"Dicor EPDM Rubber Roof Cleaner Activator",,,2021-04-26,affiliate,https://thehappyglamper.co/affiliate/dicor-epdm-rubber-roof-cleaner-activator/,https://thehappyglamper.co/wp-content/uploads/sites/2/2021/04/dicor-clenaer-activator.png|https://thehappyglamper.co/wp-content/uploads/sites/2/2021/04/dicor-rubber-roof-coating.png,dicor-clenaer-activator|dicor-rubber-roof-coating,|,|,|,https://thehappyglamper.co/wp-content/uploads/sites/2/2021/04/dicor-clenaer-activator.png,,"Camper>2005 Keystone Hornet|Camper>2007 Keystone Hornet",Outdoor,Amazon,"Roof|RV Maintenance",publish,1,kcahill,kelscahill@gmail.com,Kelsey,Cahill,dicor-epdm-rubber-roof-cleaner-activator,,,0,0,0,closed,closed,2021-04-26,,,,,,,,,,,,,,,,,,,,,,,,,,https://amzn.to/3tWlRuS,,,,,,
1529,"Dicor EPDM Rubber Roof Coating",,,2021-04-26,affiliate,https://thehappyglamper.co/affiliate/dicor-epdm-rubber-roof-coating/,https://thehappyglamper.co/wp-content/uploads/sites/2/2021/04/dicor-rubber-roof-coating.png,dicor-rubber-roof-coating,,,,https://thehappyglamper.co/wp-content/uploads/sites/2/2021/04/dicor-rubber-roof-coating.png,,"Camper>2005 Keystone Hornet|Camper>2007 Keystone Hornet",Outdoor,Amazon,"Roof|RV Maintenance",publish,1,kcahill,kelscahill@gmail.com,Kelsey,Cahill,dicor-epdm-rubber-roof-coating,,,0,0,0,closed,closed,2021-04-26,,,,,,,,,,,,,,,,,,,,,,,,,,https://amzn.to/3gFsnmf,,,,,,
